episode,step,time_s,u1_rpm,u2_rpm,u3_rpm,u4_rpm,du1_rpm,du2_rpm,du3_rpm,du4_rpm
1,0,0.0,5067.185424268246,9109.009504318237,9948.541224002838,7787.066102027893,0.0,0.0,0.0,0.0
1,1,0.04,7782.338559627533,8499.765694141388,9765.349328517914,8906.162977218628,2715.1531353592873,-609.2438101768494,-183.19189548492432,1119.0968751907349
1,2,0.08,9704.825282096863,8632.707297801971,8035.159707069397,9427.706897258759,1922.4867224693298,132.9416036605835,-1730.1896214485168,521.5439200401306
1,3,0.12,10000.0,8830.545246601105,7815.120220184326,9604.949653148651,295.1747179031372,197.8379487991333,-220.0394868850708,177.24275588989258
1,4,0.16,10000.0,9042.81497001648,7947.24702835083,9427.226185798645,0.0,212.26972341537476,132.1268081665039,-177.7234673500061
1,5,0.2,10000.0,9244.907796382904,8172.491788864136,9189.333319664001,0.0,202.09282636642456,225.24476051330566,-237.89286613464355
1,6,0.24,9767.815470695496,9410.05676984787,8640.247285366058,8910.822570323944,-232.1845293045044,165.14897346496582,467.7554965019226,-278.5107493400574
1,7,0.28,9148.696660995483,9446.462988853455,9259.469509124756,8761.411607265472,-619.1188097000122,36.40621900558472,619.2222237586975,-149.41096305847168
1,8,0.32,8597.53042459488,9297.143816947937,9561.24484539032,8770.540058612823,-551.1662364006042,-149.31917190551758,301.77533626556396,9.128451347351074
1,9,0.36,8367.634415626526,9168.92409324646,9671.163856983185,8806.861937046051,-229.89600896835327,-128.21972370147705,109.91901159286499,36.32187843322754
1,10,0.4,8283.19638967514,9014.910757541656,9641.108512878418,8840.5042886734,-84.4380259513855,-154.01333570480347,-30.055344104766846,33.64235162734985
1,11,0.44,8247.393071651459,8837.44090795517,9494.783282279968,8841.760456562042,-35.80331802368164,-177.46984958648682,-146.3252305984497,1.2561678886413574
1,12,0.48,8249.906301498413,8705.215156078339,9330.840110778809,8838.908076286316,2.5132298469543457,-132.22575187683105,-163.94317150115967,-2.8523802757263184
1,13,0.52,8252.097368240356,8595.790266990662,9157.923460006714,8795.08763551712,2.1910667419433594,-109.424889087677,-172.91665077209473,-43.82044076919556
1,14,0.56,8226.92185640335,8508.74662399292,9011.198580265045,8731.632828712463,-25.175511837005615,-87.0436429977417,-146.7248797416687,-63.45480680465698
1,15,0.6,8180.29522895813,8435.427248477936,8891.880512237549,8654.350340366364,-46.62662744522095,-73.31937551498413,-119.31806802749634,-77.28248834609985
1,16,0.64,8121.764659881592,8370.5273270607,8791.933059692383,8556.706607341766,-58.530569076538086,-64.89992141723633,-99.94745254516602,-97.64373302459717
1,17,0.68,8058.0466985702515,8315.733075141907,8706.941902637482,8461.762964725494,-63.71796131134033,-54.794251918792725,-84.99115705490112,-94.94364261627197
1,18,0.72,7992.770671844482,8272.382915019989,8627.170622348785,8363.331854343414,-65.27602672576904,-43.350160121917725,-79.77128028869629,-98.43111038208008
1,19,0.76,7926.218807697296,8234.924376010895,8550.42576789856,8262.06922531128,-66.55186414718628,-37.45853900909424,-76.74485445022583,-101.26262903213501
1,20,0.8,7858.942151069641,8195.970058441162,8472.757339477539,8161.376416683197,-67.27665662765503,-38.954317569732666,-77.66842842102051,-100.69280862808228
1,21,0.84,7791.0032868385315,8151.223957538605,8389.66965675354,8068.841397762299,-67.93886423110962,-44.74610090255737,-83.08768272399902,-92.53501892089844
1,22,0.88,7723.512351512909,8098.72031211853,8299.917578697205,7983.344197273254,-67.49093532562256,-52.50364542007446,-89.75207805633545,-85.49720048904419
1,23,0.92,7666.63134098053,8033.424615859985,8205.17122745514,7911.575436592102,-56.88101053237915,-65.29569625854492,-94.74635124206543,-71.76876068115234
1,24,0.96,7611.638307571411,7960.107624530792,8108.133375644684,7844.9684381484985,-54.99303340911865,-73.31699132919312,-97.03785181045532,-66.60699844360352
1,25,1.0,7561.82461977005,7883.749902248383,8007.363379001617,7780.503928661346,-49.813687801361084,-76.35772228240967,-100.7699966430664,-64.4645094871521
1,26,1.04,7515.432238578796,7818.201184272766,7908.405363559723,7723.602056503296,-46.39238119125366,-65.54871797561646,-98.95801544189453,-56.90187215805054
1,27,1.08,7442.473769187927,7758.700251579285,7844.940423965454,7656.430900096893,-72.95846939086914,-59.500932693481445,-63.4649395942688,-67.17115640640259
1,28,1.12,7354.995459318161,7723.2179045677185,7828.32533121109,7571.907043457031,-87.47830986976624,-35.48234701156616,-16.615092754364014,-84.52385663986206
1,29,1.16,7265.083342790604,7725.7320284843445,7876.922190189362,7470.119595527649,-89.91211652755737,2.5141239166259766,48.596858978271484,-101.78744792938232
1,30,1.2,7183.763086795807,7764.861285686493,7974.938452243805,7359.459698200226,-81.32025599479675,39.12925720214844,98.01626205444336,-110.6598973274231
1,31,1.24,7114.4261956214905,7808.99316072464,8103.9804220199585,7282.821536064148,-69.3368911743164,44.13187503814697,129.04196977615356,-76.63816213607788
1,32,1.28,7014.2799615859985,7831.328213214874,8265.258371829987,7206.836640834808,-100.14623403549194,22.335052490234375,161.27794981002808,-75.9848952293396
1,33,1.32,6704.939901828766,7781.516313552856,8518.937528133392,7021.371126174927,-309.34005975723267,-49.81189966201782,253.67915630340576,-185.4655146598816
1,34,1.36,6544.395089149475,7643.530368804932,8555.526733398438,6946.13516330719,-160.54481267929077,-137.9859447479248,36.589205265045166,-75.23596286773682
1,35,1.4000000000000001,6505.1741898059845,7438.819706439972,8397.689759731293,7024.253755807877,-39.2208993434906,-204.71066236495972,-157.83697366714478,78.11859250068665
1,36,1.44,6666.662842035294,7090.7314121723175,7705.262303352356,7354.574054479599,161.48865222930908,-348.0882942676544,-692.4274563789368,330.3202986717224
1,37,1.48,7665.115594863892,6689.246594905853,6821.117997169495,8029.139339923859,998.452752828598,-401.48481726646423,-884.1443061828613,674.5652854442596
1,38,1.52,8805.529177188873,6641.510725021362,6200.5917727947235,8835.610449314117,1140.4135823249817,-47.73586988449097,-620.5262243747711,806.4711093902588
1,39,1.56,9611.081182956696,6708.334982395172,5932.8944236040115,9274.4842171669,805.5520057678223,66.82425737380981,-267.697349190712,438.8737678527832
1,40,1.6,9749.964475631714,7062.385529279709,5946.080237627029,9385.015070438385,138.8832926750183,354.05054688453674,13.185814023017883,110.53085327148438
1,41,1.6400000000000001,9572.339057922363,8628.619611263275,6928.250193595886,9232.799410820007,-177.6254177093506,1566.2340819835663,982.1699559688568,-152.21565961837769
1,42,1.68,7128.375172615051,9513.782858848572,9019.43415403366,7921.5410351753235,-2443.963885307312,885.1632475852966,2091.1839604377747,-1311.2583756446838
1,43,1.72,7210.234254598618,9820.539951324463,9192.49951839447,7681.639790534973,81.85908198356628,306.7570924758911,173.06536436080933,-239.90124464035034
1,44,1.76,7045.927345752716,10000.0,9455.738961696625,7448.120415210724,-164.3069088459015,179.4600486755371,263.23944330215454,-233.51937532424927
1,45,1.8,6394.924819469452,10000.0,9942.674338817596,7240.85807800293,-651.0025262832642,0.0,486.9353771209717,-207.2623372077942
1,46,1.84,5143.932495266199,9510.798752307892,10000.0,6996.252089738846,-1250.9923242032528,-489.20124769210815,57.325661182403564,-244.60598826408386
1,47,1.8800000000000001,7399.0583419799805,7089.92213010788,9086.283147335052,9293.534457683563,2255.1258467137814,-2420.876622200012,-913.7168526649475,2297.2823679447174
1,48,1.92,9218.614995479584,7151.067554950714,7527.928054332733,10000.0,1819.5566534996033,61.14542484283447,-1558.3550930023193,706.4655423164368
1,49,1.96,9971.3996052742,7419.5148050785065,6795.908808708191,10000.0,752.7846097946167,268.44725012779236,-732.0192456245422,0.0
1,50,2.0,10000.0,7616.935670375824,6652.777940034866,10000.0,28.60039472579956,197.4208652973175,-143.13086867332458,0.0
1,51,2.04,10000.0,7248.518466949463,6337.1442258358,9988.34878206253,0.0,-368.4172034263611,-315.63371419906616,-11.651217937469482
1,52,2.08,10000.0,7188.70609998703,5457.628443837166,9410.43883562088,0.0,-59.81236696243286,-879.5157819986343,-577.9099464416504
1,53,2.12,10000.0,9494.889378547668,6492.165327072144,6723.317950963974,0.0,2306.1832785606384,1034.5368832349777,-2687.120884656906
1,54,2.16,8037.581741809845,9996.19036912918,9161.416292190552,7080.309092998505,-1962.418258190155,501.30099058151245,2669.250965118408,356.99114203453064
1,55,2.2,7204.13476228714,10000.0,9989.204108715057,7344.072014093399,-833.4469795227051,3.809630870819092,827.7878165245056,263.7629210948944
1,56,2.24,6786.6407334804535,9941.07961654663,10000.0,7446.967959403992,-417.4940288066864,-58.92038345336914,10.795891284942627,102.89594531059265
1,57,2.2800000000000002,5981.893688440323,10000.0,10000.0,7024.896889925003,-804.7470450401306,58.92038345336914,0.0,-422.07106947898865
1,58,2.32,5000.0,10000.0,9996.299147605896,6712.73872256279,-981.8936884403229,0.0,-3.700852394104004,-312.15816736221313
1,59,2.36,5000.0,8056.759834289551,10000.0,9437.467753887177,0.0,-1943.2401657104492,3.700852394104004,2724.7290313243866
1,60,2.4,6397.248953580856,6212.269365787506,9817.922413349152,10000.0,1397.2489535808563,-1844.4904685020447,-182.0775866508484,562.5322461128235
1,61,2.44,9780.203402042389,6571.161150932312,8044.381737709045,10000.0,3382.9544484615326,358.8917851448059,-1773.5406756401062,0.0
1,62,2.48,9933.693706989288,7565.340995788574,7026.261240243912,10000.0,153.4903049468994,994.1798448562622,-1018.1204974651337,0.0
1,63,2.52,9979.85064983368,8604.448735713959,6413.2362604141235,10000.0,46.15694284439087,1039.1077399253845,-613.0249798297882,0.0
1,64,2.56,10000.0,9018.732607364655,6220.40718793869,10000.0,20.1493501663208,414.2838716506958,-192.82907247543335,0.0
1,65,2.6,10000.0,8891.289234161377,5918.669328093529,9924.909770488739,0.0,-127.44337320327759,-301.73785984516144,-75.09022951126099
1,66,2.64,10000.0,8125.803172588348,5000.0,9765.512347221375,0.0,-765.4860615730286,-918.6693280935287,-159.3974232673645
1,67,2.68,10000.0,9897.249937057495,5533.139035105705,7613.425254821777,0.0,1771.4467644691467,533.1390351057053,-2152.087092399597
1,68,2.72,8477.670550346375,10000.0,9750.535190105438,7338.969856500626,-1522.3294496536255,102.75006294250488,4217.396154999733,-274.45539832115173
1,69,2.7600000000000002,6853.141486644745,9943.561255931854,10000.0,7734.189927577972,-1624.5290637016296,-56.43874406814575,249.46480989456177,395.2200710773468
1,70,2.8000000000000003,6602.482497692108,10000.0,10000.0,8511.350154876709,-250.65898895263672,56.43874406814575,0.0,777.1602272987366
1,71,2.84,6773.089319467545,9926.82933807373,10000.0,8981.652557849884,170.6068217754364,-73.17066192626953,0.0,470.30240297317505
1,72,2.88,6090.804934501648,10000.0,10000.0,9599.089324474335,-682.2843849658966,73.17066192626953,0.0,617.4367666244507
1,73,2.92,5252.104736864567,9761.576354503632,9954.463541507721,9968.704879283905,-838.7001976370811,-238.4236454963684,-45.53645849227905,369.6155548095703
1,74,2.96,5457.882583141327,8607.04094171524,9819.892644882202,10000.0,205.7778462767601,-1154.535412788391,-134.5708966255188,31.29512071609497
1,75,3.0,9780.765175819397,8418.402075767517,9681.906700134277,10000.0,4322.88259267807,-188.6388659477234,-137.9859447479248,0.0
1,76,3.04,10000.0,9400.026500225067,7609.07769203186,10000.0,219.23482418060303,981.62442445755,-2072.829008102417,0.0
1,77,3.08,10000.0,9866.83577299118,6565.061658620834,10000.0,0.0,466.8092727661133,-1044.016033411026,0.0
1,78,3.12,10000.0,9873.03912639618,6612.640023231506,9944.424331188202,0.0,6.203353404998779,47.578364610672,-55.575668811798096
1,79,3.16,10000.0,9910.140931606293,6648.710668087006,9665.53807258606,0.0,37.101805210113525,36.07064485549927,-278.88625860214233
1,80,3.2,10000.0,9896.16572856903,6425.11859536171,9094.177782535553,0.0,-13.975203037261963,-223.59207272529602,-571.3602900505066
1,81,3.24,10000.0,9827.567040920258,6076.9084841012955,8937.52247095108,0.0,-68.5986876487732,-348.2101112604141,-156.65531158447266
1,82,3.2800000000000002,10000.0,10000.0,9736.937582492828,8658.574223518372,0.0,172.43295907974243,3660.029098391533,-278.94824743270874
1,83,3.3200000000000003,8262.865543365479,10000.0,10000.0,9481.111764907837,-1737.1344566345215,0.0,263.06241750717163,822.5375413894653
1,84,3.36,7118.013948202133,9977.384507656097,10000.0,9635.66392660141,-1144.8515951633453,-22.615492343902588,0.0,154.552161693573
1,85,3.4,7307.335138320923,9863.866567611694,10000.0,9824.635684490204,189.32119011878967,-113.51794004440308,0.0,188.97175788879395
1,86,3.44,7343.375235795975,9494.819343090057,10000.0,9862.149953842163,36.04009747505188,-369.04722452163696,0.0,37.51426935195923
1,87,3.48,7328.2290995121,8962.156474590302,10000.0,10000.0,-15.146136283874512,-532.6628684997559,0.0,137.8500461578369
1,88,3.52,7807.155549526215,8267.313241958618,9950.464069843292,10000.0,478.9264500141144,-694.8432326316833,-49.535930156707764,0.0
1,89,3.56,10000.0,8215.420246124268,9932.187497615814,10000.0,2192.8444504737854,-51.892995834350586,-18.276572227478027,0.0
1,90,3.6,9916.649758815765,9961.846768856049,8808.42000246048,10000.0,-83.35024118423462,1746.426522731781,-1123.7674951553345,0.0
1,91,3.64,9999.208748340607,10000.0,7890.240252017975,10000.0,82.55898952484131,38.153231143951416,-918.1797504425049,0.0
1,92,3.68,10000.0,9988.042116165161,7772.950530052185,9552.977979183197,0.7912516593933105,-11.957883834838867,-117.2897219657898,-447.022020816803
1,93,3.72,10000.0,9945.637285709381,7955.469787120819,8923.535346984863,0.0,-42.40483045578003,182.51925706863403,-629.4426321983337
1,94,3.7600000000000002,10000.0,9885.331988334656,8383.73988866806,8520.519137382507,0.0,-60.30529737472534,428.2701015472412,-403.01620960235596
1,95,3.8000000000000003,10000.0,9934.645593166351,9104.663133621216,8269.511461257935,0.0,49.31360483169556,720.9232449531555,-251.00767612457275
1,96,3.84,10000.0,10000.0,9938.258528709412,9054.228067398071,0.0,65.35440683364868,833.5953950881958,784.7166061401367
1,97,3.88,9638.20606470108,10000.0,10000.0,9886.159896850586,-361.7939352989197,0.0,61.74147129058838,831.9318294525146
1,98,3.92,9216.944873332977,9706.968069076538,10000.0,10000.0,-421.261191368103,-293.0319309234619,0.0,113.84010314941406
1,99,3.96,9148.8516330719,9398.175179958344,9982.505738735199,10000.0,-68.09324026107788,-308.7928891181946,-17.494261264801025,0.0
1,100,4.0,9255.331754684448,9192.05367565155,9988.128244876862,10000.0,106.48012161254883,-206.1215043067932,5.622506141662598,0.0
1,101,4.04,9401.556253433228,9108.956754207611,9981.542527675629,10000.0,146.2244987487793,-83.09692144393921,-6.58571720123291,0.0
1,102,4.08,9518.076777458191,9146.623313426971,9945.40423154831,10000.0,116.52052402496338,37.66655921936035,-36.138296127319336,0.0
1,103,4.12,9598.956406116486,9256.810247898102,9836.127758026123,9871.06204032898,80.87962865829468,110.18693447113037,-109.27647352218628,-128.9379596710205
1,104,4.16,9660.66688299179,9284.558296203613,9660.066366195679,9591.470658779144,61.710476875305176,27.748048305511475,-176.06139183044434,-279.5913815498352
1,105,4.2,9667.226076126099,9230.889976024628,9431.609809398651,9313.699305057526,6.559193134307861,-53.668320178985596,-228.4565567970276,-277.77135372161865
1,106,4.24,9576.672315597534,9167.403876781464,9214.95646238327,9084.859490394592,-90.55376052856445,-63.48609924316406,-216.65334701538086,-228.83981466293335
1,107,4.28,9418.690502643585,9058.68947505951,9064.302146434784,8844.404816627502,-157.98181295394897,-108.71440172195435,-150.65431594848633,-240.45467376708984
1,108,4.32,9187.449514865875,8943.301737308502,8916.14317893982,8615.324795246124,-231.24098777770996,-115.38773775100708,-148.1589674949646,-229.08002138137817
1,109,4.36,8959.310352802277,8828.981518745422,8782.438337802887,8424.189388751984,-228.13916206359863,-114.32021856307983,-133.70484113693237,-191.13540649414062
1,110,4.4,8749.158382415771,8705.019056797028,8656.275868415833,8260.733783245087,-210.15197038650513,-123.96246194839478,-126.16246938705444,-163.45560550689697
1,111,4.44,8550.549149513245,8557.442426681519,8537.138998508453,8092.8292870521545,-198.60923290252686,-147.57663011550903,-119.13686990737915,-167.90449619293213
1,112,4.48,8338.614404201508,8382.849991321564,8403.725922107697,7910.880148410797,-211.93474531173706,-174.59243535995483,-133.41307640075684,-181.94913864135742
1,113,4.5200000000000005,8116.821050643921,8195.374310016632,8265.477120876312,7732.526957988739,-221.79335355758667,-187.47568130493164,-138.24880123138428,-178.3531904220581
1,114,4.5600000000000005,7912.208139896393,8013.738393783569,8098.613321781158,7550.978064537048,-204.61291074752808,-181.63591623306274,-166.8637990951538,-181.54889345169067
1,115,4.6000000000000005,7730.487585067749,7823.553085327148,7910.7290506362915,7372.342795133591,-181.7205548286438,-190.1853084564209,-187.88427114486694,-178.63526940345764
1,116,4.64,7542.614042758942,7618.313431739807,7679.818272590637,7179.562002420425,-187.87354230880737,-205.2396535873413,-230.9107780456543,-192.78079271316528
1,117,4.68,7376.410365104675,7386.475056409836,7411.86261177063,6985.8211278915405,-166.20367765426636,-231.8383753299713,-267.9556608200073,-193.7408745288849
1,118,4.72,7273.581176996231,7138.495892286301,7181.778997182846,6843.617707490921,-102.82918810844421,-247.97916412353516,-230.0836145877838,-142.2034204006195
1,119,4.76,7165.836989879608,6750.993132591248,6956.871747970581,6741.436421871185,-107.74418711662292,-387.5027596950531,-224.90724921226501,-102.18128561973572
1,120,4.8,7093.421667814255,6322.392672300339,6682.019531726837,6691.478043794632,-72.4153220653534,-428.6004602909088,-274.8522162437439,-49.958378076553345
1,121,4.84,7119.398266077042,5934.726074337959,6334.57139134407,6681.8563640117645,25.976598262786865,-387.66659796237946,-347.4481403827667,-9.621679782867432
1,122,4.88,7177.245765924454,5571.511909365654,5803.062170743942,6701.3125121593475,57.84749984741211,-363.2141649723053,-531.5092206001282,19.456148147583008
1,123,4.92,7085.7298374176025,5349.992290139198,5475.335121154785,6685.964614152908,-91.5159285068512,-221.5196192264557,-327.7270495891571,-15.347898006439209
1,124,4.96,6588.284522294998,5231.560952961445,5432.194471359253,6506.400406360626,-497.44531512260437,-118.43133717775345,-43.14064979553223,-179.5642077922821
1,125,5.0,6053.758859634399,5131.382681429386,5462.6355320215225,6020.362973213196,-534.5256626605988,-100.17827153205872,30.441060662269592,-486.0374331474304
1,126,5.04,5718.149095773697,5307.951271533966,5748.067870736122,5538.755692541599,-335.6097638607025,176.56859010457993,285.4323387145996,-481.6072806715965
1,127,5.08,5506.247282028198,5755.367800593376,6127.633154392242,5328.556597232819,-211.90181374549866,447.4165290594101,379.5652836561203,-210.19909530878067
1,128,5.12,5377.579256892204,6182.843297719955,6444.601267576218,5299.742296338081,-128.66802513599396,427.4754971265793,316.9681131839752,-28.814300894737244
1,129,5.16,5401.547029614449,6530.487537384033,6712.762862443924,5303.846634924412,23.967772722244263,347.64423966407776,268.1615948677063,4.104338586330414
1,130,5.2,5491.819866001606,6751.386523246765,7076.820731163025,5482.538267970085,90.27283638715744,220.89898586273193,364.05786871910095,178.69163304567337
1,131,5.24,5542.529337108135,6873.645186424255,7591.909170150757,5585.531666874886,50.709471106529236,122.25866317749023,515.0884389877319,102.99339890480042
1,132,5.28,5983.443707227707,6984.311640262604,8084.099590778351,6070.8580911159515,440.9143701195717,110.66645383834839,492.190420627594,485.326424241066
1,133,5.32,6927.522718906403,6943.059116601944,7883.645594120026,6938.4366273880005,944.0790116786957,-41.25252366065979,-200.4539966583252,867.578536272049
1,134,5.36,8084.701597690582,6912.303566932678,7060.1986348629,8085.476756095886,1157.1788787841797,-30.755549669265747,-823.4469592571259,1147.0401287078857
1,135,5.4,9062.281548976898,6887.137889862061,6695.08770108223,8808.936476707458,977.5799512863159,-25.165677070617676,-365.11093378067017,723.4597206115723
1,136,5.44,9450.63829421997,7096.598595380783,6760.513186454773,8960.156440734863,388.3567452430725,209.46070551872253,65.42548537254333,151.21996402740479
1,137,5.48,9594.024419784546,7384.638339281082,6874.337196350098,9156.471192836761,143.3861255645752,288.0397439002991,113.8240098953247,196.3147521018982
1,138,5.5200000000000005,9970.263540744781,8565.49084186554,7351.388186216354,9565.36054611206,376.2391209602356,1180.8525025844574,477.0509898662567,408.8893532752991
1,139,5.5600000000000005,9368.857741355896,9791.686534881592,9253.412783145905,8288.58345746994,-601.4057993888855,1226.1956930160522,1902.0245969295502,-1276.7770886421204
1,140,5.6000000000000005,8120.41848897934,10000.0,9939.669668674469,8310.903310775757,-1248.4392523765564,208.3134651184082,686.2568855285645,22.31985330581665
1,141,5.64,7695.346772670746,9935.824871063232,10000.0,8245.49674987793,-425.07171630859375,-64.17512893676758,60.330331325531006,-65.40656089782715
1,142,5.68,7176.136076450348,9965.232014656067,10000.0,7883.526682853699,-519.210696220398,29.407143592834473,0.0,-361.97006702423096
1,143,5.72,5747.045874595642,10000.0,10000.0,6833.801865577698,-1429.0902018547058,34.767985343933105,0.0,-1049.724817276001
1,144,5.76,5177.216678857803,9359.356164932251,10000.0,8805.245161056519,-569.8291957378387,-640.643835067749,0.0,1971.4432954788208
1,145,5.8,9028.913378715515,7422.8329956531525,8595.924973487854,10000.0,3851.696699857712,-1936.5231692790985,-1404.075026512146,1194.7548389434814
1,146,5.84,9945.329427719116,7555.886805057526,7562.92849779129,10000.0,916.4160490036011,133.05380940437317,-1032.9964756965637,0.0
1,147,5.88,9967.157542705536,7871.426641941071,6962.095648050308,10000.0,21.828114986419678,315.5398368835449,-600.832849740982,0.0
1,148,5.92,10000.0,8030.548691749573,6737.738102674484,10000.0,32.84245729446411,159.1220498085022,-224.35754537582397,0.0
1,149,5.96,10000.0,7075.224071741104,6168.870851397514,10000.0,0.0,-955.3246200084686,-568.8672512769699,0.0
1,150,6.0,10000.0,5900.278687477112,5000.0,9980.576932430267,0.0,-1174.9453842639923,-1168.8708513975143,-19.423067569732666
1,151,6.04,10000.0,9705.008864402771,6227.339506149292,7098.942548036575,0.0,3804.730176925659,1227.339506149292,-2881.634384393692
1,152,6.08,7842.910289764404,9963.534474372864,9743.640124797821,7253.22499871254,-2157.0897102355957,258.5256099700928,3516.300618648529,154.28245067596436
1,153,6.12,7070.7230269908905,10000.0,10000.0,7445.863336324692,-772.1872627735138,36.46552562713623,256.35987520217896,192.6383376121521
1,154,6.16,6850.530058145523,10000.0,10000.0,7658.039927482605,-220.19296884536743,0.0,0.0,212.1765911579132
1,155,6.2,6209.791749715805,10000.0,10000.0,7593.837082386017,-640.738308429718,0.0,0.0,-64.20284509658813
1,156,6.24,5141.783636063337,10000.0,10000.0,7224.723398685455,-1068.0081136524677,0.0,0.0,-369.1136837005615
1,157,6.28,5000.0,9429.407119750977,9963.189363479614,8780.817091464996,-141.78363606333733,-570.5928802490234,-36.81063652038574,1556.093692779541
1,158,6.32,6480.28627038002,7387.084513902664,10000.0,10000.0,1480.2862703800201,-2042.3226058483124,36.81063652038574,1219.1829085350037
1,159,6.36,10000.0,7179.033607244492,8241.798877716064,10000.0,3519.71372961998,-208.0509066581726,-1758.2011222839355,0.0
1,160,6.4,9989.968836307526,8132.116496562958,6975.998878479004,10000.0,-10.031163692474365,953.0828893184662,-1265.7999992370605,0.0
1,161,6.44,10000.0,8834.23000574112,6589.441150426865,10000.0,10.031163692474365,702.1135091781616,-386.5577280521393,0.0
1,162,6.48,10000.0,9219.77162361145,6345.527619123459,10000.0,0.0,385.5416178703308,-243.91353130340576,0.0
1,163,6.5200000000000005,10000.0,9179.026186466217,5852.511748671532,10000.0,0.0,-40.745437145233154,-493.0158704519272,0.0
1,164,6.5600000000000005,10000.0,8197.998106479645,5000.0,9953.994750976562,0.0,-981.0280799865723,-852.5117486715317,-46.0052490234375
1,165,6.6000000000000005,10000.0,9828.17828655243,5233.558062463999,9043.351411819458,0.0,1630.1801800727844,233.5580624639988,-910.6433391571045
1,166,6.640000000000001,9058.692753314972,10000.0,9864.866137504578,7726.940810680389,-941.3072466850281,171.8217134475708,4631.308075040579,-1316.4106011390686
1,167,6.68,6992.3703372478485,9980.967342853546,10000.0,7900.4693031311035,-2066.3224160671234,-19.032657146453857,135.13386249542236,173.5284924507141
1,168,6.72,6670.572608709335,9962.186813354492,10000.0,8602.672517299652,-321.7977285385132,-18.780529499053955,0.0,702.2032141685486
1,169,6.76,6859.4905734062195,9873.93856048584,10000.0,8882.564902305603,188.91796469688416,-88.24825286865234,0.0,279.8923850059509
1,170,6.8,6062.428504228592,10000.0,10000.0,9195.730090141296,-797.0620691776276,126.06143951416016,0.0,313.16518783569336
1,171,6.84,5095.0912944972515,10000.0,9971.503019332886,9734.77154970169,-967.3372097313404,0.0,-28.496980667114258,539.0414595603943
1,172,6.88,5329.804718494415,8606.076538562775,9866.792559623718,10000.0,234.71342399716377,-1393.9234614372253,-104.71045970916748,265.2284502983093
1,173,6.92,9808.505475521088,8122.944533824921,9866.711497306824,10000.0,4478.700757026672,-483.132004737854,-0.08106231689453125,0.0
1,174,6.96,10000.0,9215.893149375916,7888.799607753754,10000.0,191.49452447891235,1092.9486155509949,-1977.91188955307,0.0
1,175,7.0,10000.0,9818.175435066223,6616.827845573425,10000.0,0.0,602.2822856903076,-1271.9717621803284,0.0
1,176,7.04,10000.0,9870.379567146301,6613.101214170456,9984.939098358154,0.0,52.204132080078125,-3.7266314029693604,-15.060901641845703
1,177,7.08,10000.0,9910.04228591919,6613.888144493103,9750.750064849854,0.0,39.662718772888184,0.7869303226470947,-234.18903350830078
1,178,7.12,10000.0,9892.521500587463,6438.634097576141,9162.767231464386,0.0,-17.520785331726074,-175.25404691696167,-587.9828333854675
1,179,7.16,10000.0,9844.704270362854,6123.426258563995,8869.17382478714,0.0,-47.817230224609375,-315.207839012146,-293.5934066772461
1,180,7.2,9957.776665687561,9979.126155376434,9598.374664783478,8497.381210327148,-42.223334312438965,134.42188501358032,3474.9484062194824,-371.79261445999146
1,181,7.24,8771.328926086426,10000.0,10000.0,9167.073667049408,-1186.4477396011353,20.873844623565674,401.6253352165222,669.6924567222595
1,182,7.28,7304.588407278061,9967.272281646729,10000.0,9630.589187145233,-1466.7405188083649,-32.727718353271484,0.0,463.5155200958252
1,183,7.32,7239.494621753693,9843.129217624664,10000.0,9817.72780418396,-65.09378552436829,-124.14306402206421,0.0,187.1386170387268
1,184,7.36,7454.516589641571,9379.818737506866,10000.0,9849.554300308228,215.02196788787842,-463.31048011779785,0.0,31.826496124267578
1,185,7.4,7460.17724275589,8873.49158525467,10000.0,10000.0,5.660653114318848,-506.32715225219727,0.0,150.44569969177246
1,186,7.44,7769.310176372528,8330.360352993011,9954.069554805756,10000.0,309.1329336166382,-543.1312322616577,-45.930445194244385,0.0
1,187,7.48,9991.614520549774,8140.497803688049,9875.650107860565,10000.0,2222.304344177246,-189.86254930496216,-78.41944694519043,0.0
1,188,7.5200000000000005,9943.9737200737,9968.407154083252,9331.77798986435,10000.0,-47.64080047607422,1827.9093503952026,-543.8721179962158,0.0
1,189,7.5600000000000005,9985.647201538086,10000.0,8283.596336841583,10000.0,41.673481464385986,31.592845916748047,-1048.181653022766,0.0
1,190,7.6000000000000005,10000.0,10000.0,8015.948534011841,9429.529309272766,14.352798461914062,0.0,-267.64780282974243,-570.4706907272339
1,191,7.640000000000001,10000.0,9948.111772537231,8120.900392532349,8882.837295532227,0.0,-51.888227462768555,104.95185852050781,-546.6920137405396
1,192,7.68,10000.0,9890.270829200745,8540.799617767334,8668.17682981491,0.0,-57.840943336486816,419.89922523498535,-214.66046571731567
1,193,7.72,10000.0,9919.976890087128,9181.976914405823,8638.482689857483,0.0,29.706060886383057,641.1772966384888,-29.69413995742798
1,194,7.76,10000.0,10000.0,9920.121133327484,9090.761542320251,0.0,80.02310991287231,738.1442189216614,452.27885246276855
1,195,7.8,9906.249642372131,10000.0,10000.0,9808.19582939148,-93.75035762786865,0.0,79.87886667251587,717.434287071228
1,196,7.84,9662.563800811768,9829.972982406616,10000.0,10000.0,-243.68584156036377,-170.0270175933838,0.0,191.8041706085205
1,197,7.88,9408.779740333557,9570.578336715698,9961.620271205902,10000.0,-253.78406047821045,-259.39464569091797,-38.3797287940979,0.0
1,198,7.92,9342.351257801056,9401.915073394775,9951.426684856415,10000.0,-66.42848253250122,-168.66326332092285,-10.193586349487305,0.0
1,199,7.96,9461.680948734283,9279.091656208038,9958.430826663971,10000.0,119.32969093322754,-122.82341718673706,7.004141807556152,0.0
1,200,8.0,9609.255492687225,9263.073205947876,9953.55635881424,9946.112036705017,147.5745439529419,-16.018450260162354,-4.874467849731445,-53.88796329498291
1,201,8.040000000000001,9686.453938484192,9323.314726352692,9946.196675300598,9778.144657611847,77.19844579696655,60.241520404815674,-7.359683513641357,-167.96737909317017
1,202,8.08,9755.925238132477,9317.726194858551,9890.502393245697,9506.385028362274,69.47129964828491,-5.588531494140625,-55.69428205490112,-271.75962924957275
1,203,8.120000000000001,9798.195362091064,9282.040894031525,9774.616956710815,9300.709068775177,42.27012395858765,-35.68530082702637,-115.88543653488159,-205.67595958709717
1,204,8.16,9786.734580993652,9225.752055644989,9610.63802242279,9126.173555850983,-11.46078109741211,-56.288838386535645,-163.9789342880249,-174.53551292419434
1,205,8.2,9698.648154735565,9147.586226463318,9442.9811835289,8972.200155258179,-88.08642625808716,-78.16582918167114,-167.65683889389038,-153.97340059280396
1,206,8.24,9566.25908613205,9046.236872673035,9332.267045974731,8812.270760536194,-132.38906860351562,-101.3493537902832,-110.7141375541687,-159.92939472198486
1,207,8.28,9390.727579593658,8925.870954990387,9205.28620481491,8661.600351333618,-175.5315065383911,-120.3659176826477,-126.98084115982056,-150.67040920257568
1,208,8.32,9217.1111702919,8806.74421787262,9079.943597316742,8526.048064231873,-173.6164093017578,-119.12673711776733,-125.34260749816895,-135.5522871017456
1,209,8.36,9048.125147819519,8677.018880844116,8950.96331834793,8400.423526763916,-168.9860224723816,-129.72533702850342,-128.98027896881104,-125.62453746795654
1,210,8.4,8877.359926700592,8526.32850408554,8823.772668838501,8275.192677974701,-170.765221118927,-150.69037675857544,-127.19064950942993,-125.23084878921509
1,211,8.44,8695.736825466156,8360.638320446014,8697.514533996582,8151.257932186127,-181.62310123443604,-165.69018363952637,-126.25813484191895,-123.93474578857422
1,212,8.48,8501.55770778656,8184.32480096817,8564.523160457611,8025.4775285720825,-194.17911767959595,-176.31351947784424,-132.99137353897095,-125.78040361404419
1,213,8.52,8301.239907741547,8013.823330402374,8420.142829418182,7901.624143123627,-200.31780004501343,-170.5014705657959,-144.3803310394287,-123.85338544845581
1,214,8.56,8118.689060211182,7849.1538763046265,8250.105082988739,7781.746685504913,-182.550847530365,-164.6694540977478,-170.03774642944336,-119.87745761871338
1,215,8.6,7941.482663154602,7686.804234981537,8055.405020713806,7660.191059112549,-177.2063970565796,-162.3496413230896,-194.70006227493286,-121.5556263923645
1,216,8.64,7769.449353218079,7517.521977424622,7850.814461708069,7534.506320953369,-172.03330993652344,-169.28225755691528,-204.5905590057373,-125.68473815917969
1,217,8.68,7589.358687400818,7330.181747674942,7629.8946142196655,7369.5749044418335,-180.09066581726074,-187.34022974967957,-220.91984748840332,-164.93141651153564
1,218,8.72,7419.242560863495,7131.686955690384,7374.566048383713,7174.688130617142,-170.116126537323,-198.4947919845581,-255.32856583595276,-194.88677382469177
1,219,8.76,7250.079959630966,6943.089812994003,7096.565663814545,6993.128657341003,-169.1626012325287,-188.59714269638062,-278.0003845691681,-181.5594732761383
1,220,8.8,7083.054482936859,6664.261817932129,6825.046688318253,6853.356063365936,-167.02547669410706,-278.8279950618744,-271.5189754962921,-139.77259397506714
1,221,8.84,6974.529474973679,6339.914798736572,6529.598087072372,6775.916963815689,-108.52500796318054,-324.34701919555664,-295.4486012458801,-77.43909955024719
1,222,8.88,6914.776563644409,6066.268235445023,6192.527189850807,6758.0752074718475,-59.75291132926941,-273.6465632915497,-337.07089722156525,-17.841756343841553
1,223,8.92,6817.911863327026,5823.054388165474,5847.310200333595,6730.6652665138245,-96.86470031738281,-243.21384727954865,-345.2169895172119,-27.40994095802307
1,224,8.96,6546.621322631836,5674.723386764526,5570.800080895424,6629.557758569717,-271.29054069519043,-148.33100140094757,-276.5101194381714,-101.10750794410706
1,225,9.0,6224.330812692642,5587.6624584198,5462.413877248764,6458.454579114914,-322.2905099391937,-87.06092834472656,-108.38620364665985,-171.10317945480347
1,226,9.040000000000001,5868.420451879501,5633.7009370327,5470.270030200481,6069.2475736141205,-355.91036081314087,46.03847861289978,7.856152951717377,-389.20700550079346
1,227,9.08,5670.511722564697,5930.2182495594025,5596.101880073547,5767.756626009941,-197.90872931480408,296.5173125267029,125.83184987306595,-301.4909476041794
1,228,9.120000000000001,5566.932708024979,6369.991153478622,5730.946362018585,5638.4385377168655,-103.57901453971863,439.77290391921997,134.84448194503784,-129.31808829307556
1,229,9.16,5497.981980443001,6913.802474737167,5893.370658159256,5617.382228374481,-68.95072758197784,543.8113212585449,162.42429614067078,-21.05630934238434
1,230,9.200000000000001,5406.615920364857,7299.521863460541,6183.5188418626785,5595.782771706581,-91.36606007814407,385.7193887233734,290.14818370342255,-21.599456667900085
1,231,9.24,5232.539921998978,7668.507695198059,6568.22606921196,5649.983435869217,-174.07599836587906,368.9858317375183,384.7072273492813,54.2006641626358
1,232,9.28,5180.295370519161,7864.610552787781,7061.547338962555,5884.026437997818,-52.24455147981644,196.10285758972168,493.3212697505951,234.04300212860107
1,233,9.32,5781.765803694725,7385.207861661911,7148.557603359222,6453.157961368561,601.4704331755638,-479.40269112586975,87.01026439666748,569.1315233707428
1,234,9.36,6326.087415218353,7049.930840730667,6859.254688024521,7111.029922962189,544.3216115236282,-335.2770209312439,-289.30291533470154,657.8719615936279
1,235,9.4,7007.901221513748,6531.228423118591,6462.564915418625,8326.196074485779,681.8138062953949,-518.7024176120758,-396.689772605896,1215.16615152359
1,236,9.44,7977.238893508911,6241.223365068436,6174.522191286087,9407.662451267242,969.337671995163,-290.00505805015564,-288.04272413253784,1081.4663767814636
1,237,9.48,8613.235652446747,6096.841245889664,6077.418401837349,9899.752140045166,635.9967589378357,-144.38211917877197,-97.1037894487381,492.0896887779236
1,238,9.52,8861.106038093567,6686.61504983902,6932.278275489807,9855.25757074356,247.87038564682007,589.7738039493561,854.8598736524582,-44.494569301605225
1,239,9.56,8958.729803562164,9112.769961357117,9103.250801563263,8788.242936134338,97.62376546859741,2426.154911518097,2170.972526073456,-1067.0146346092224
1,240,9.6,8301.503658294678,9464.572966098785,9534.052014350891,8530.858159065247,-657.2261452674866,351.8030047416687,430.8012127876282,-257.3847770690918
1,241,9.64,8078.899085521698,9806.407988071442,9909.002482891083,7932.013273239136,-222.60457277297974,341.83502197265625,374.95046854019165,-598.8448858261108
1,242,9.68,8010.307252407074,9832.662343978882,10000.0,7561.918199062347,-68.59183311462402,26.254355907440186,90.99751710891724,-370.09507417678833
1,243,9.72,7484.125941991806,9957.45599269867,10000.0,6505.761444568634,-526.181310415268,124.7936487197876,0.0,-1056.1567544937134
1,244,9.76,7257.823646068573,10000.0,10000.0,6164.385974407196,-226.30229592323303,42.544007301330566,0.0,-341.375470161438
1,245,9.8,9629.790186882019,8818.772733211517,9043.42234134674,9072.223901748657,2371.966540813446,-1181.2272667884827,-956.5776586532593,2907.837927341461
1,246,9.84,10000.0,7885.553240776062,8257.427513599396,9954.511225223541,370.20981311798096,-933.2194924354553,-785.994827747345,882.287323474884
1,247,9.88,10000.0,7391.6953802108765,7850.6481647491455,10000.0,0.0,-493.85786056518555,-406.77934885025024,45.48877477645874
1,248,9.92,10000.0,7221.42830491066,7842.0838713645935,10000.0,0.0,-170.26707530021667,-8.564293384552002,0.0
1,249,9.96,10000.0,6631.141006946564,7243.063747882843,10000.0,0.0,-590.2872979640961,-599.0201234817505,0.0
1,250,10.0,10000.0,5482.26036131382,5428.619831800461,10000.0,0.0,-1148.8806456327438,-1814.4439160823822,0.0
1,251,10.040000000000001,9483.118057250977,5614.0125542879105,7577.444314956665,10000.0,-516.8819427490234,131.75219297409058,2148.824483156204,0.0
1,252,10.08,6822.258830070496,9466.266334056854,9855.558276176453,7919.497787952423,-2660.859227180481,3852.253779768944,2278.1139612197876,-2080.502212047577
1,253,10.120000000000001,7134.075611829758,9843.614101409912,10000.0,7269.829660654068,311.8167817592621,377.34776735305786,144.44172382354736,-649.6681272983551
1,254,10.16,7315.45552611351,9939.914047718048,10000.0,6792.341470718384,181.37991428375244,96.29994630813599,0.0,-477.4881899356842
1,255,10.200000000000001,6779.433786869049,10000.0,10000.0,5951.258093118668,-536.0217392444611,60.085952281951904,0.0,-841.0833775997162
1,256,10.24,5520.929768681526,10000.0,10000.0,5105.967205017805,-1258.504018187523,0.0,0.0,-845.2908881008625
1,257,10.28,5452.486723661423,10000.0,10000.0,5224.208831787109,-68.44304502010345,0.0,0.0,118.24162676930428
1,258,10.32,9849.791526794434,10000.0,8705.871403217316,6684.689670801163,4397.304803133011,0.0,-1294.1285967826843,1460.4808390140533
1,259,10.36,10000.0,7582.66419172287,7070.401161909103,9943.045675754547,150.2084732055664,-2417.33580827713,-1635.4702413082123,3258.3560049533844
1,260,10.4,10000.0,7196.37393951416,7067.762613296509,9922.048449516296,0.0,-386.2902522087097,-2.6385486125946045,-20.997226238250732
1,261,10.44,10000.0,7096.0932970047,7199.016064405441,9953.409731388092,0.0,-100.28064250946045,131.2534511089325,31.361281871795654
1,262,10.48,10000.0,6189.822405576706,6626.923382282257,9955.56503534317,0.0,-906.2708914279938,-572.0926821231842,2.155303955078125
1,263,10.52,10000.0,5029.656235128641,5302.200112491846,10000.0,0.0,-1160.1661704480648,-1324.723269790411,44.434964656829834
1,264,10.56,10000.0,5061.047915369272,5000.0,9927.207231521606,0.0,31.391680240631104,-302.2001124918461,-72.79276847839355
1,265,10.6,9273.60862493515,6866.351217031479,9045.457541942596,9857.790768146515,-726.3913750648499,1805.3033016622066,4045.4575419425964,-69.41646337509155
1,266,10.64,7217.89613366127,10000.0,10000.0,7415.154725313187,-2055.71249127388,3133.648782968521,954.5424580574036,-2442.6360428333282
1,267,10.68,7320.463210344315,9927.753210067749,10000.0,7376.68439745903,102.56707668304443,-72.24678993225098,0.0,-38.470327854156494
1,268,10.72,7419.788539409637,10000.0,10000.0,6781.081557273865,99.32532906532288,72.24678993225098,0.0,-595.6028401851654
1,269,10.76,7211.347371339798,10000.0,10000.0,5833.833813667297,-208.44116806983948,0.0,0.0,-947.2477436065674
1,270,10.8,6262.120604515076,10000.0,10000.0,5150.6176218390465,-949.2267668247223,0.0,0.0,-683.2161918282509
1,271,10.84,6379.534006118774,10000.0,9978.596568107605,5204.2340859770775,117.41340160369873,0.0,-21.40343189239502,53.616464138031006
1,272,10.88,10000.0,10000.0,9477.897584438324,8973.560333251953,3620.4659938812256,0.0,-500.698983669281,3769.3262472748756
1,273,10.92,9999.140501022339,8057.270348072052,7637.196481227875,10000.0,-0.8594989776611328,-1942.729651927948,-1840.7011032104492,1026.4396667480469
1,274,10.96,10000.0,7346.064895391464,7406.725734472275,9970.712661743164,0.8594989776611328,-711.2054526805878,-230.47074675559998,-29.287338256835938
1,275,11.0,10000.0,7375.498116016388,7555.399835109711,9949.17780160904,0.0,29.433220624923706,148.6741006374359,-21.534860134124756
1,276,11.040000000000001,10000.0,7621.787488460541,7837.570607662201,10000.0,0.0,246.28937244415283,282.17077255249023,50.82219839096069
1,277,11.08,10000.0,7054.9435913562775,7693.909108638763,10000.0,0.0,-566.8438971042633,-143.6614990234375,0.0
1,278,11.120000000000001,10000.0,6945.882439613342,8964.798152446747,9974.178969860077,0.0,-109.06115174293518,1270.8890438079834,-25.821030139923096
1,279,11.16,9567.161202430725,9938.452541828156,9757.95030593872,9668.769240379333,-432.8387975692749,2992.5701022148132,793.1521534919739,-305.4097294807434
1,280,11.200000000000001,9119.664430618286,10000.0,9938.923418521881,8547.325730323792,-447.49677181243896,61.54745817184448,180.9731125831604,-1121.443510055542
1,281,11.24,8912.35738992691,10000.0,10000.0,7797.90461063385,-207.30704069137573,0.0,61.0765814781189,-749.4211196899414
1,282,11.28,8863.720297813416,10000.0,10000.0,7391.90936088562,-48.63709211349487,0.0,0.0,-405.99524974823
1,283,11.32,8884.495198726654,10000.0,9910.72803735733,7089.593708515167,20.774900913238525,0.0,-89.27196264266968,-302.3156523704529
1,284,11.36,8924.146294593811,10000.0,9865.097105503082,7584.994733333588,39.65109586715698,0.0,-45.63093185424805,495.4010248184204
1,285,11.4,9724.38395023346,9947.32141494751,9798.044860363007,9613.438546657562,800.2376556396484,-52.678585052490234,-67.05224514007568,2028.4438133239746
1,286,11.44,9831.438660621643,9196.75886631012,9635.88833808899,10000.0,107.0547103881836,-750.5625486373901,-162.15652227401733,386.56145334243774
1,287,11.48,10000.0,8707.32069015503,9143.783152103424,10000.0,168.56133937835693,-489.43817615509033,-492.1051859855652,0.0
1,288,11.52,10000.0,8616.293370723724,8660.987615585327,10000.0,0.0,-91.02731943130493,-482.7955365180969,0.0
1,289,11.56,10000.0,8784.427046775818,8601.65923833847,10000.0,0.0,168.1336760520935,-59.32837724685669,0.0
1,290,11.6,9937.063753604889,9200.044870376587,9155.647456645966,10000.0,-62.936246395111084,415.61782360076904,553.9882183074951,0.0
1,291,11.64,9842.095375061035,9882.969856262207,9580.807089805603,9944.84543800354,-94.96837854385376,682.9249858856201,425.15963315963745,-55.15456199645996
1,292,11.68,9821.696281433105,10000.0,9848.962128162384,9625.542759895325,-20.399093627929688,117.03014373779297,268.155038356781,-319.30267810821533
1,293,11.72,9864.810109138489,10000.0,9875.382483005524,9481.748044490814,43.1138277053833,0.0,26.42035484313965,-143.7947154045105
1,294,11.76,9858.750700950623,10000.0,9883.071780204773,9365.595579147339,-6.059408187866211,0.0,7.689297199249268,-116.15246534347534
1,295,11.8,9829.213321208954,10000.0,9895.597100257874,9382.250905036926,-29.5373797416687,0.0,12.525320053100586,16.655325889587402
1,296,11.84,9772.690534591675,10000.0,9916.79161787033,9486.47528886795,-56.52278661727905,0.0,21.194517612457275,104.22438383102417
1,297,11.88,9737.8408908844,10000.0,10000.0,9676.043093204498,-34.84964370727539,0.0,83.20838212966919,189.56780433654785
1,298,11.92,9819.627404212952,10000.0,10000.0,9910.025596618652,81.78651332855225,0.0,0.0,233.98250341415405
1,299,11.96,9953.845143318176,10000.0,10000.0,10000.0,134.2177391052246,0.0,0.0,89.97440338134766
1,300,12.0,9998.521506786346,10000.0,9973.470568656921,10000.0,44.676363468170166,0.0,-26.529431343078613,0.0
1,301,12.040000000000001,9985.83436012268,9914.645850658417,9887.50845193863,10000.0,-12.687146663665771,-85.35414934158325,-85.96211671829224,0.0
1,302,12.08,9988.844096660614,9868.935942649841,9820.080995559692,10000.0,3.0097365379333496,-45.70990800857544,-67.42745637893677,0.0
1,303,12.120000000000001,10000.0,9901.043176651001,9757.7103972435,10000.0,11.155903339385986,32.10723400115967,-62.37059831619263,0.0
1,304,12.16,10000.0,9944.11587715149,9700.978696346283,10000.0,0.0,43.07270050048828,-56.7317008972168,0.0
1,305,12.200000000000001,10000.0,9971.236884593964,9682.411253452301,9972.31125831604,0.0,27.121007442474365,-18.567442893981934,-27.68874168395996
1,306,12.24,10000.0,9976.626336574554,9697.746932506561,9931.427240371704,0.0,5.38945198059082,15.335679054260254,-40.88401794433594
1,307,12.280000000000001,9986.335635185242,9965.658485889435,9734.800159931183,9891.66110754013,-13.6643648147583,-10.967850685119629,37.05322742462158,-39.766132831573486
1,308,12.32,9849.665462970734,9939.788579940796,9759.905636310577,9830.879271030426,-136.67017221450806,-25.869905948638916,25.10547637939453,-60.78183650970459
1,309,12.36,9675.733745098114,9883.554875850677,9741.124212741852,9772.661626338959,-173.93171787261963,-56.23370409011841,-18.781423568725586,-58.217644691467285
1,310,12.4,9542.71376132965,9793.74647140503,9696.463346481323,9702.711403369904,-133.01998376846313,-89.8084044456482,-44.660866260528564,-69.95022296905518
1,311,12.44,9450.237154960632,9669.125080108643,9628.267586231232,9627.753496170044,-92.47660636901855,-124.62139129638672,-68.19576025009155,-74.95790719985962
1,312,12.48,9377.37762928009,9572.889506816864,9540.655314922333,9546.77402973175,-72.85952568054199,-96.23557329177856,-87.61227130889893,-80.97946643829346
1,313,12.52,9330.6764960289,9514.622688293457,9441.0902261734,9457.531571388245,-46.701133251190186,-58.26681852340698,-99.56508874893188,-89.24245834350586
1,314,12.56,9287.49531507492,9456.138908863068,9340.181946754456,9365.15599489212,-43.18118095397949,-58.483779430389404,-100.90827941894531,-92.37557649612427
1,315,12.6,9238.28274011612,9383.190274238586,9246.361255645752,9276.60197019577,-49.21257495880127,-72.9486346244812,-93.82069110870361,-88.5540246963501
1,316,12.64,9184.150397777557,9295.747876167297,9150.441884994507,9193.92466545105,-54.13234233856201,-87.44239807128906,-95.91937065124512,-82.67730474472046
1,317,12.68,9123.329818248749,9197.773039340973,9057.682156562805,9111.811816692352,-60.820579528808594,-97.97483682632446,-92.75972843170166,-82.11284875869751
1,318,12.72,9057.781994342804,9092.653393745422,8974.847793579102,9027.54545211792,-65.54782390594482,-105.11964559555054,-82.83436298370361,-84.26636457443237
1,319,12.76,8982.235193252563,8982.00124502182,8902.246952056885,8941.19769334793,-75.54680109024048,-110.6521487236023,-72.6008415222168,-86.34775876998901
1,320,12.8,8906.936347484589,8878.150880336761,8837.457597255707,8855.879306793213,-75.29884576797485,-103.8503646850586,-64.78935480117798,-85.31838655471802
1,321,12.84,8830.14589548111,8778.136372566223,8783.295452594757,8768.921494483948,-76.790452003479,-100.01450777053833,-54.16214466094971,-86.95781230926514
1,322,12.88,8753.186166286469,8685.466647148132,8731.675446033478,8677.481710910797,-76.95972919464111,-92.66972541809082,-51.6200065612793,-91.43978357315063
1,323,12.92,8671.942353248596,8592.484593391418,8678.225874900818,8585.557639598846,-81.24381303787231,-92.98205375671387,-53.44957113265991,-91.92407131195068
1,324,12.96,8587.05461025238,8492.402136325836,8619.193136692047,8488.746285438538,-84.88774299621582,-100.08245706558228,-59.03273820877075,-96.81135416030884
1,325,13.0,8498.862385749817,8381.573259830475,8556.51706457138,8386.001288890839,-88.19222450256348,-110.82887649536133,-62.676072120666504,-102.74499654769897
1,326,13.040000000000001,8406.511545181274,8258.029520511627,8480.423092842102,8277.398943901062,-92.35084056854248,-123.54373931884766,-76.09397172927856,-108.60234498977661
1,327,13.08,8306.410014629364,8130.297958850861,8394.93989944458,8166.030049324036,-100.1015305519104,-127.7315616607666,-85.48319339752197,-111.36889457702637
1,328,13.120000000000001,8196.658492088318,7996.254861354828,8301.838636398315,8048.96205663681,-109.75152254104614,-134.04309749603271,-93.10126304626465,-117.06799268722534
1,329,13.16,8080.053627490997,7855.871915817261,8202.111721038818,7931.366562843323,-116.60486459732056,-140.38294553756714,-99.72691535949707,-117.59549379348755
1,330,13.200000000000001,7953.802943229675,7720.623314380646,8100.273311138153,7811.098396778107,-126.25068426132202,-135.248601436615,-101.83840990066528,-120.26816606521606
1,331,13.24,7822.852432727814,7590.039074420929,8000.013828277588,7681.140601634979,-130.95051050186157,-130.5842399597168,-100.25948286056519,-129.95779514312744
1,332,13.280000000000001,7696.4980363845825,7459.066063165665,7887.674570083618,7542.113363742828,-126.3543963432312,-130.97301125526428,-112.33925819396973,-139.02723789215088
1,333,13.32,7583.921551704407,7327.882647514343,7767.012417316437,7394.387274980545,-112.57648468017578,-131.1834156513214,-120.6621527671814,-147.72608876228333
1,334,13.36,7481.327950954437,7197.444885969162,7645.238637924194,7249.93571639061,-102.59360074996948,-130.43776154518127,-121.77377939224243,-144.4515585899353
1,335,13.4,7382.6417326927185,7071.317732334137,7513.818442821503,7114.844024181366,-98.68621826171875,-126.12715363502502,-131.42019510269165,-135.09169220924377
1,336,13.44,7301.343530416489,6967.59507060051,7386.325895786285,7001.436352729797,-81.29820227622986,-103.72266173362732,-127.49254703521729,-113.4076714515686
1,337,13.48,7231.114506721497,6883.702576160431,7273.129373788834,6886.45601272583,-70.22902369499207,-83.89249444007874,-113.19652199745178,-114.98034000396729
1,338,13.52,7151.183187961578,6790.894567966461,7166.694700717926,6748.063266277313,-79.93131875991821,-92.80800819396973,-106.43467307090759,-138.39274644851685
1,339,13.56,7079.623639583588,6697.67364859581,7077.757716178894,6627.16805934906,-71.55954837799072,-93.22091937065125,-88.93698453903198,-120.89520692825317
1,340,13.6,7015.208303928375,6619.324684143066,6997.9433715343475,6522.253900766373,-64.4153356552124,-78.34896445274353,-79.81434464454651,-104.91415858268738
1,341,13.64,6942.558437585831,6557.736545801163,6921.05159163475,6423.008441925049,-72.64986634254456,-61.58813834190369,-76.89177989959717,-99.24545884132385
1,342,13.68,6873.41034412384,6538.640856742859,6856.4364314079285,6323.703229427338,-69.14809346199036,-19.095689058303833,-64.6151602268219,-99.30521249771118
1,343,13.72,6795.859336853027,6559.388488531113,6807.981580495834,6234.180927276611,-77.55100727081299,20.747631788253784,-48.454850912094116,-89.52230215072632
1,344,13.76,6706.779599189758,6590.027958154678,6760.881245136261,6165.0219559669495,-89.07973766326904,30.639469623565674,-47.100335359573364,-69.15897130966187
1,345,13.8,6607.44309425354,6610.538363456726,6693.838536739349,6140.761077404022,-99.33650493621826,20.51040530204773,-67.04270839691162,-24.260878562927246
1,346,13.84,6498.585194349289,6574.5709836483,6607.668101787567,6151.106208562851,-108.8578999042511,-35.9673798084259,-86.17043495178223,10.345131158828735
1,347,13.88,6422.76793718338,6485.694050788879,6517.129093408585,6207.009851932526,-75.81725716590881,-88.87693285942078,-90.53900837898254,55.90364336967468
1,348,13.92,6428.775191307068,6415.206640958786,6455.971896648407,6308.358609676361,6.007254123687744,-70.48740983009338,-61.15719676017761,101.34875774383545
1,349,13.96,6548.735499382019,6429.487764835358,6414.779424667358,6421.7714965343475,119.96030807495117,14.281123876571655,-41.192471981048584,113.41288685798645
1,350,14.0,6640.359163284302,6495.793014764786,6391.932815313339,6553.2903373241425,91.62366390228271,66.3052499294281,-22.846609354019165,131.51884078979492
1,351,14.040000000000001,6680.280566215515,6556.180864572525,6425.693929195404,6689.905822277069,39.92140293121338,60.38784980773926,33.76111388206482,136.61548495292664
1,352,14.08,6753.030866384506,6670.51836848259,6493.401676416397,6870.112717151642,72.75030016899109,114.3375039100647,67.70774722099304,180.20689487457275
1,353,14.120000000000001,6804.145872592926,6770.326793193817,6642.602235078812,7162.434905767441,51.1150062084198,99.80842471122742,149.20055866241455,292.32218861579895
1,354,14.16,6842.293292284012,6935.213953256607,6922.901123762131,7588.337659835815,38.147419691085815,164.88716006278992,280.2988886833191,425.90275406837463
1,355,14.200000000000001,6819.690018892288,7141.08020067215,7260.124385356903,7941.832542419434,-22.603273391723633,205.8662474155426,337.22326159477234,353.49488258361816
1,356,14.24,6885.523200035095,7410.784959793091,7535.251080989838,8109.2652678489685,65.833181142807,269.70475912094116,275.12669563293457,167.4327254295349
1,357,14.280000000000001,6984.652280807495,7722.979187965393,7752.35652923584,8219.600021839142,99.1290807723999,312.19422817230225,217.1054482460022,110.33475399017334
1,358,14.32,7085.519731044769,8015.600144863129,7934.546172618866,8299.811780452728,100.86745023727417,292.6209568977356,182.18964338302612,80.21175861358643
1,359,14.36,7204.637229442596,8249.863088130951,8157.476484775543,8457.223176956177,119.11749839782715,234.26294326782227,222.93031215667725,157.4113965034485
1,360,14.4,7366.47829413414,8498.39597940445,8379.003405570984,8609.130382537842,161.84106469154358,248.53289127349854,221.52692079544067,151.90720558166504
1,361,14.44,7684.623599052429,8720.200061798096,8567.954897880554,8940.943479537964,318.1453049182892,221.80408239364624,188.9514923095703,331.81309700012207
1,362,14.48,8183.1905245780945,8840.811848640442,8554.787039756775,9343.888759613037,498.5669255256653,120.61178684234619,-13.167858123779297,402.94528007507324
1,363,14.52,8750.909566879272,8930.2659034729,8533.302545547485,9653.443992137909,567.719042301178,89.4540548324585,-21.48449420928955,309.5552325248718
1,364,14.56,9318.715333938599,9097.718894481659,8417.1861410141,9811.458885669708,567.8057670593262,167.45299100875854,-116.11640453338623,158.01489353179932
1,365,14.6,9640.29610157013,9265.10214805603,8354.377448558807,9826.40415430069,321.58076763153076,167.38325357437134,-62.80869245529175,14.945268630981445
1,366,14.64,9836.018979549408,9450.443983078003,8454.042971134186,9835.337102413177,195.72287797927856,185.34183502197266,99.66552257537842,8.932948112487793
1,367,14.68,9851.873815059662,9754.497706890106,8698.243796825409,9746.155738830566,15.854835510253906,304.05372381210327,244.20082569122314,-89.18136358261108
1,368,14.72,9501.098692417145,10000.0,9222.728610038757,8936.861753463745,-350.7751226425171,245.5022931098938,524.4848132133484,-809.2939853668213
1,369,14.76,8433.577418327332,10000.0,9432.264566421509,7572.526037693024,-1067.5212740898132,0.0,209.53595638275146,-1364.3357157707214
1,370,14.8,7721.2318778038025,9362.460970878601,9581.579864025116,7681.790292263031,-712.345540523529,-637.5390291213989,149.31529760360718,109.26425457000732
1,371,14.84,7760.499715805054,8283.266425132751,9309.499561786652,8860.73350906372,39.26783800125122,-1079.1945457458496,-272.08030223846436,1178.9432168006897
1,372,14.88,8152.2223353385925,7996.829450130463,8837.720155715942,8904.042541980743,391.7226195335388,-286.4369750022888,-471.77940607070923,43.309032917022705
1,373,14.92,8291.633427143097,7619.842886924744,8267.882764339447,9008.270800113678,139.4110918045044,-376.986563205719,-569.8373913764954,104.22825813293457
1,374,14.96,8474.010825157166,7357.984483242035,7765.108048915863,8969.92802619934,182.3773980140686,-261.85840368270874,-502.774715423584,-38.34277391433716
1,375,15.0,8588.554859161377,7212.9762172698975,7338.892072439194,8728.951215744019,114.54403400421143,-145.00826597213745,-426.2159764766693,-240.97681045532227
1,376,15.040000000000001,8443.98707151413,7224.374711513519,7220.876514911652,8330.482542514801,-144.56778764724731,11.398494243621826,-118.01555752754211,-398.46867322921753
1,377,15.08,8159.975707530975,7371.618002653122,7160.23862361908,7853.746116161346,-284.0113639831543,147.24329113960266,-60.63789129257202,-476.7364263534546
1,378,15.120000000000001,7801.452875137329,7770.742774009705,7245.887368917465,7177.543640136719,-358.52283239364624,399.12477135658264,85.64874529838562,-676.2024760246277
1,379,15.16,7508.621513843536,8134.777843952179,7387.461811304092,6742.181181907654,-292.8313612937927,364.03506994247437,141.5744423866272,-435.36245822906494
1,380,15.200000000000001,7255.992144346237,8473.027348518372,7542.588412761688,6487.414985895157,-252.6293694972992,338.2495045661926,155.12660145759583,-254.76619601249695
1,381,15.24,6849.057525396347,8773.99355173111,7882.027626037598,6282.857209444046,-406.93461894989014,300.96620321273804,339.4392132759094,-204.55777645111084
1,382,15.280000000000001,6298.763006925583,9045.614004135132,8320.541977882385,5760.773494839668,-550.2945184707642,271.6204524040222,438.5143518447876,-522.0837146043777
1,383,15.32,6085.992902517319,8442.588150501251,8134.3817710876465,5531.4236879348755,-212.77010440826416,-603.0258536338806,-186.16020679473877,-229.34980690479279
1,384,15.36,6666.806787252426,6981.284469366074,7573.670148849487,6528.738290071487,580.8138847351074,-1461.3036811351776,-560.7116222381592,997.3146021366119
1,385,15.4,7453.396022319794,6233.162730932236,6987.535208463669,7815.333008766174,786.5892350673676,-748.1217384338379,-586.1349403858185,1286.594718694687
1,386,15.44,8324.24372434616,5619.604028761387,6748.775541782379,9351.416528224945,870.8477020263672,-613.5587021708488,-238.75966668128967,1536.0835194587708
1,387,15.48,8921.282589435577,5367.220379412174,6408.5641503334045,9888.214468955994,597.0388650894165,-252.38364934921265,-340.2113914489746,536.7979407310486
1,388,15.52,9128.162860870361,5229.866374284029,5735.168159008026,9848.480522632599,206.88027143478394,-137.35400512814522,-673.3959913253784,-39.733946323394775
1,389,15.56,8629.8468708992,5000.0,6602.383553981781,10000.0,-498.3159899711609,-229.866374284029,867.2153949737549,151.51947736740112
1,390,15.6,7208.348661661148,7650.704085826874,8753.879368305206,8321.98590040207,-1421.4982092380524,2650.704085826874,2151.4958143234253,-1678.014099597931
1,391,15.64,7100.166082382202,9753.619134426117,9941.384494304657,6846.601665019989,-108.18257927894592,2102.915048599243,1187.5051259994507,-1475.38423538208
1,392,15.68,7728.996276855469,9759.904444217682,10000.0,6575.189679861069,628.8301944732666,6.285309791564941,58.61550569534302,-271.4119851589203
1,393,15.72,8096.171617507935,9851.623475551605,10000.0,6205.706149339676,367.1753406524658,91.71903133392334,0.0,-369.4835305213928
1,394,15.76,7629.702985286713,9873.52967262268,10000.0,5679.886341094971,-466.4686322212219,21.90619707107544,0.0,-525.8198082447052
1,395,15.8,7551.687061786652,10000.0,9362.733662128448,5063.8229213654995,-78.01592350006104,126.47032737731934,-637.2663378715515,-616.0634197294712
1,396,15.84,9461.882710456848,10000.0,7525.539696216583,5077.124647796154,1910.1956486701965,0.0,-1837.1939659118652,13.301726430654526
1,397,15.88,10000.0,8758.683800697327,7094.137817621231,7999.588847160339,538.1172895431519,-1241.3161993026733,-431.4018785953522,2922.4641993641853
1,398,15.92,10000.0,7223.716825246811,7816.915512084961,9841.211140155792,0.0,-1534.9669754505157,722.7776944637299,1841.6222929954529
1,399,15.96,10000.0,6534.4372391700745,8285.306692123413,9941.340684890747,0.0,-689.2795860767365,468.39118003845215,100.12954473495483
1,400,16.0,10000.0,6247.855722904205,8940.524458885193,10000.0,0.0,-286.58151626586914,655.2177667617798,58.65931510925293
1,401,16.04,10000.0,5534.840151667595,8666.105568408966,10000.0,0.0,-713.0155712366104,-274.4188904762268,0.0
1,402,16.080000000000002,9994.261860847473,5000.0,7674.486935138702,10000.0,-5.7381391525268555,-534.8401516675949,-991.6186332702637,0.0
1,403,16.12,8646.21788263321,5000.0,8739.684224128723,9934.117794036865,-1348.043978214264,0.0,1065.1972889900208,-65.88220596313477
1,404,16.16,6905.826926231384,7174.176573753357,10000.0,9635.11973619461,-1740.390956401825,2174.176573753357,1260.3157758712769,-298.99805784225464
1,405,16.2,7475.810945034027,9759.2094540596,10000.0,7531.311810016632,569.9840188026428,2585.032880306244,0.0,-2103.8079261779785
1,406,16.240000000000002,8206.812143325806,10000.0,10000.0,6740.068197250366,731.0011982917786,240.79054594039917,0.0,-791.2436127662659
1,407,16.28,8935.590088367462,10000.0,10000.0,6281.525492668152,728.7779450416565,0.0,0.0,-458.54270458221436
1,408,16.32,9247.503578662872,10000.0,10000.0,5845.626145601273,311.91349029541016,0.0,0.0,-435.8993470668793
1,409,16.36,9326.687455177307,10000.0,9853.978753089905,5000.0,79.18387651443481,0.0,-146.02124691009521,-845.6261456012726
1,410,16.4,9929.829835891724,10000.0,9439.582228660583,5000.0,603.1423807144165,0.0,-414.3965244293213,0.0
1,411,16.44,10000.0,10000.0,7624.256610870361,6378.238946199417,70.17016410827637,0.0,-1815.3256177902222,1378.2389461994171
1,412,16.48,10000.0,9313.331544399261,8269.072771072388,10000.0,0.0,-686.6684556007385,644.8161602020264,3621.761053800583
1,413,16.52,9855.259656906128,6760.260313749313,9304.315745830536,9972.826838493347,-144.74034309387207,-2553.071230649948,1035.2429747581482,-27.173161506652832
1,414,16.56,9912.879467010498,6187.41899728775,9730.476140975952,10000.0,57.61981010437012,-572.8413164615631,426.16039514541626,27.173161506652832
1,415,16.6,10000.0,6367.61412024498,9934.810400009155,10000.0,87.12053298950195,180.19512295722961,204.33425903320312,0.0
1,416,16.64,9670.428037643433,6272.861063480377,9810.784757137299,9961.827397346497,-329.5719623565674,-94.75305676460266,-124.02564287185669,-38.17260265350342
1,417,16.68,8866.040706634521,5125.310067087412,9759.59300994873,10000.0,-804.3873310089111,-1147.5509963929653,-51.191747188568115,38.17260265350342
1,418,16.72,9116.936326026917,5741.833001375198,9896.098673343658,9983.745515346527,250.89561939239502,616.5229342877865,136.50566339492798,-16.2544846534729
1,419,16.76,9356.501400470734,9893.27609539032,10000.0,9595.363438129425,239.56507444381714,4151.4430940151215,103.90132665634155,-388.38207721710205
1,420,16.8,9827.033579349518,10000.0,10000.0,7626.011073589325,470.5321788787842,106.72390460968018,0.0,-1969.3523645401
1,421,16.84,9981.360733509064,10000.0,9784.185588359833,6945.28192281723,154.3271541595459,0.0,-215.81441164016724,-680.7291507720947
1,422,16.88,10000.0,10000.0,9636.330306529999,6683.35035443306,18.63926649093628,0.0,-147.85528182983398,-261.93156838417053
1,423,16.92,9997.839629650116,10000.0,9570.660591125488,6417.603492736816,-2.160370349884033,0.0,-65.6697154045105,-265.7468616962433
1,424,16.96,10000.0,10000.0,9426.844716072083,5808.146148920059,2.160370349884033,0.0,-143.81587505340576,-609.4573438167572
1,425,17.0,10000.0,10000.0,9114.258289337158,5915.21829366684,0.0,0.0,-312.5864267349243,107.0721447467804
1,426,17.04,9993.658661842346,10000.0,8621.253669261932,9593.307971954346,-6.341338157653809,0.0,-493.00462007522583,3678.089678287506
1,427,17.080000000000002,9920.933544635773,9120.208621025085,9296.25779390335,9974.652528762817,-72.72511720657349,-879.7913789749146,675.0041246414185,381.3445568084717
1,428,17.12,9768.123030662537,7078.526616096497,9772.281348705292,10000.0,-152.81051397323608,-2041.6820049285889,476.0235548019409,25.347471237182617
1,429,17.16,9811.253547668457,6799.096167087555,9928.698241710663,10000.0,43.13051700592041,-279.43044900894165,156.4168930053711,0.0
1,430,17.2,9715.659618377686,7120.368629693985,9835.97218990326,10000.0,-95.59392929077148,321.27246260643005,-92.72605180740356,0.0
1,431,17.240000000000002,8859.096765518188,6932.806223630905,9780.575633049011,9985.386431217194,-856.5628528594971,-187.56240606307983,-55.39655685424805,-14.613568782806396
1,432,17.28,8335.27147769928,6846.619695425034,9924.15338754654,9926.676750183105,-523.8252878189087,-86.18652820587158,143.57775449752808,-58.709681034088135
1,433,17.32,8695.613741874695,9547.972083091736,9909.690618515015,9684.69887971878,360.34226417541504,2701.3523876667023,-14.462769031524658,-241.97787046432495
1,434,17.36,9792.894124984741,9928.4228682518,10000.0,9357.377588748932,1097.2803831100464,380.4507851600647,90.30938148498535,-327.32129096984863
1,435,17.400000000000002,9947.185218334198,10000.0,9839.43223953247,8013.834357261658,154.2910933494568,71.57713174819946,-160.5677604675293,-1343.5432314872742
1,436,17.44,10000.0,10000.0,9591.127932071686,7460.898160934448,52.814781665802,0.0,-248.3043074607849,-552.9361963272095
1,437,17.48,10000.0,10000.0,9094.819724559784,7419.218420982361,0.0,0.0,-496.30820751190186,-41.6797399520874
1,438,17.52,10000.0,10000.0,8792.95289516449,7630.437910556793,0.0,0.0,-301.8668293952942,211.21948957443237
1,439,17.56,9942.03507900238,10000.0,8554.27771806717,8834.858238697052,-57.96492099761963,0.0,-238.67517709732056,1204.4203281402588
1,440,17.6,9801.49894952774,9997.313022613525,9036.710858345032,9949.761629104614,-140.5361294746399,-2.6869773864746094,482.43314027786255,1114.9033904075623
1,441,17.64,9889.957010746002,9580.399692058563,9646.66724205017,10000.0,88.45806121826172,-416.91333055496216,609.9563837051392,50.23837089538574
1,442,17.68,9941.4923787117,8483.351171016693,9895.005524158478,10000.0,51.53536796569824,-1097.0485210418701,248.33828210830688,0.0
1,443,17.72,9594.50751543045,8168.973922729492,9925.362467765808,10000.0,-346.98486328125,-314.3772482872009,30.356943607330322,0.0
1,444,17.76,9283.643662929535,8203.132450580597,9951.506853103638,9937.194883823395,-310.8638525009155,34.158527851104736,26.14438533782959,-62.805116176605225
1,445,17.8,9179.34000492096,8722.803890705109,10000.0,9946.910440921783,-104.30365800857544,519.6714401245117,48.493146896362305,9.715557098388672
1,446,17.84,9335.342943668365,9900.117814540863,10000.0,10000.0,156.002938747406,1177.3139238357544,0.0,53.08955907821655
1,447,17.88,9530.657231807709,10000.0,9949.348866939545,9792.130291461945,195.31428813934326,99.88218545913696,-50.65113306045532,-207.86970853805542
1,448,17.92,9739.576876163483,10000.0,9797.599017620087,9333.174228668213,208.91964435577393,0.0,-151.749849319458,-458.9560627937317
1,449,17.96,9853.886067867279,10000.0,9544.45332288742,9133.158028125763,114.30919170379639,0.0,-253.14569473266602,-200.01620054244995
1,450,18.0,9791.071116924286,10000.0,9316.744804382324,9172.846376895905,-62.814950942993164,0.0,-227.70851850509644,39.6883487701416
1,451,18.04,9620.302319526672,9973.777532577515,9183.856546878815,9349.396228790283,-170.76879739761353,-26.22246742248535,-132.88825750350952,176.54985189437866
1,452,18.080000000000002,9414.16323184967,9955.159723758698,9110.927879810333,9558.832347393036,-206.13908767700195,-18.61780881881714,-72.92866706848145,209.43611860275269
1,453,18.12,9217.544794082642,9895.453751087189,9054.075479507446,9725.988507270813,-196.6184377670288,-59.70597267150879,-56.85240030288696,167.1561598777771
1,454,18.16,9058.305323123932,9839.621782302856,8990.979194641113,9836.532175540924,-159.23947095870972,-55.831968784332275,-63.09628486633301,110.54366827011108
1,455,18.2,8913.121223449707,9779.679775238037,8928.422927856445,9896.364212036133,-145.18409967422485,-59.942007064819336,-62.55626678466797,59.83203649520874
1,456,18.240000000000002,8776.547908782959,9702.663123607635,8863.692283630371,9903.596937656403,-136.57331466674805,-77.01665163040161,-64.73064422607422,7.232725620269775
1,457,18.28,8668.49809885025,9615.098237991333,8798.95031452179,9853.025376796722,-108.04980993270874,-87.56488561630249,-64.74196910858154,-50.571560859680176
1,458,18.32,8581.453263759613,9566.667973995209,8709.60921049118,9762.95292377472,-87.0448350906372,-48.43026399612427,-89.34110403060913,-90.07245302200317
1,459,18.36,8488.430976867676,9505.542516708374,8618.33244562149,9643.87834072113,-93.02228689193726,-61.12545728683472,-91.27676486968994,-119.07458305358887
1,460,18.400000000000002,8396.274447441101,9419.357776641846,8523.043096065521,9504.342675209045,-92.1565294265747,-86.18474006652832,-95.28934955596924,-139.53566551208496
1,461,18.44,8296.764194965363,9307.128190994263,8406.552970409393,9340.618252754211,-99.51025247573853,-112.22958564758301,-116.49012565612793,-163.72442245483398
1,462,18.48,8197.540640830994,9177.217185497284,8289.50822353363,9166.30357503891,-99.2235541343689,-129.91100549697876,-117.04474687576294,-174.3146777153015
1,463,18.52,8092.982172966003,9033.088982105255,8180.555701255798,8992.218673229218,-104.55846786499023,-144.1282033920288,-108.95252227783203,-174.08490180969238
1,464,18.56,7974.213361740112,8861.593902111053,8073.358237743378,8805.759847164154,-118.76881122589111,-171.49507999420166,-107.19746351242065,-186.45882606506348
1,465,18.6,7843.545377254486,8661.69810295105,7964.943945407867,8602.22727060318,-130.66798448562622,-199.89579916000366,-108.41429233551025,-203.53257656097412
1,466,18.64,7713.262438774109,8444.429337978363,7856.603562831879,8396.082818508148,-130.2829384803772,-217.26876497268677,-108.34038257598877,-206.14445209503174
1,467,18.68,7581.872642040253,8212.776184082031,7752.354741096497,8197.819590568542,-131.3897967338562,-231.6531538963318,-104.24882173538208,-198.2632279396057
1,468,18.72,7455.321848392487,7998.579740524292,7648.031115531921,8014.566004276276,-126.55079364776611,-214.19644355773926,-104.3236255645752,-183.25358629226685
1,469,18.76,7342.505007982254,7805.227637290955,7520.546913146973,7834.503650665283,-112.81684041023254,-193.3521032333374,-127.48420238494873,-180.06235361099243
1,470,18.8,7239.73736166954,7620.580196380615,7390.025109052658,7620.0070977211,-102.76764631271362,-184.64744091033936,-130.52180409431458,-214.49655294418335
1,471,18.84,7140.292376279831,7421.938329935074,7246.807217597961,7389.594912528992,-99.44498538970947,-198.64186644554138,-143.21789145469666,-230.41218519210815
1,472,18.88,7045.18049955368,7185.301631689072,7079.809457063675,7169.006168842316,-95.11187672615051,-236.6366982460022,-166.9977605342865,-220.58874368667603
1,473,18.92,6955.068856477737,6926.64161324501,6918.441504240036,6967.474073171616,-90.111643075943,-258.6600184440613,-161.36795282363892,-201.53209567070007
1,474,18.96,6872.8207051754,6649.768501520157,6733.873635530472,6834.412068128586,-82.24815130233765,-276.8731117248535,-184.5678687095642,-133.06200504302979
1,475,19.0,6821.454167366028,6338.6692106723785,6478.179842233658,6726.875901222229,-51.36653780937195,-311.0992908477783,-255.69379329681396,-107.53616690635681
1,476,19.04,6767.59272813797,6000.23478269577,6180.140599608421,6647.431701421738,-53.86143922805786,-338.4344279766083,-298.0392426252365,-79.44419980049133
1,477,19.080000000000002,6654.910892248154,5721.785873174667,5916.469246149063,6500.668674707413,-112.68183588981628,-278.4489095211029,-263.6713534593582,-146.76302671432495
1,478,19.12,6461.431980133057,5545.337125658989,5743.831843137741,6268.023699522018,-193.47891211509705,-176.4487475156784,-172.63740301132202,-232.6449751853943
1,479,19.16,6260.761320590973,5465.506352484226,5748.759359121323,5943.469405174255,-200.67065954208374,-79.83077317476273,4.927515983581543,-324.55429434776306
1,480,19.2,6083.887070417404,5481.197163462639,5836.798325181007,5632.376149296761,-176.87425017356873,15.690810978412628,88.03896605968475,-311.0932558774948
1,481,19.240000000000002,5973.366498947144,5754.175782203674,6052.652299404144,5427.490100264549,-110.52057147026062,272.97861874103546,215.8539742231369,-204.8860490322113
1,482,19.28,6047.01042175293,6428.429931402206,6259.571015834808,5379.9692541360855,73.64392280578613,674.2541491985321,206.91871643066406,-47.520846128463745
1,483,19.32,6125.1018941402435,7198.722809553146,6541.317999362946,5388.995856046677,78.09147238731384,770.2928781509399,281.7469835281372,9.026601910591125
1,484,19.36,5945.349186658859,7842.084467411041,6895.392686128616,5329.653359949589,-179.75270748138428,643.3616578578949,354.0746867656708,-59.34249609708786
1,485,19.400000000000002,5787.081494927406,8162.815272808075,7305.374443531036,5353.023111820221,-158.26769173145294,320.7308053970337,409.98175740242004,23.36975187063217
1,486,19.44,6098.371893167496,7644.801437854767,7474.405467510223,5750.813037157059,311.2903982400894,-518.0138349533081,169.031023979187,397.78992533683777
1,487,19.48,6703.088134527206,6984.461545944214,7456.135451793671,6440.284252166748,604.7162413597107,-660.339891910553,-18.270015716552734,689.4712150096893
1,488,19.52,7316.1450028419495,6225.235611200333,7253.5935044288635,7571.31814956665,613.056868314743,-759.2259347438812,-202.54194736480713,1131.0338973999023
1,489,19.56,8202.482163906097,5634.083673357964,7013.994753360748,8631.16979598999,886.337161064148,-591.1519378423691,-239.59875106811523,1059.8516464233398
1,490,19.6,8950.951993465424,5371.485687792301,6725.870966911316,9629.937410354614,748.4698295593262,-262.5979855656624,-288.1237864494324,998.767614364624
1,491,19.64,9182.942807674408,5279.405154287815,6700.907200574875,9961.281418800354,231.99081420898438,-92.08053350448608,-24.96376633644104,331.34400844573975
1,492,19.68,9260.579645633698,6829.192340373993,8422.166407108307,9836.493134498596,77.63683795928955,1549.7871860861778,1721.259206533432,-124.78828430175781
1,493,19.72,7159.659713506699,9296.015202999115,9736.858308315277,8335.339426994324,-2100.919932126999,2466.822862625122,1314.6919012069702,-1501.1537075042725
1,494,19.76,8114.8213148117065,9572.871327400208,9956.248700618744,7837.977111339569,955.1616013050079,276.85612440109253,219.3903923034668,-497.36231565475464
1,495,19.8,8342.447876930237,9821.869730949402,10000.0,7246.12295627594,227.62656211853027,248.99840354919434,43.7512993812561,-591.8541550636292
1,496,19.84,8486.741185188293,9876.541793346405,10000.0,6573.954224586487,144.29330825805664,54.672062397003174,0.0,-672.1687316894531
1,497,19.88,8421.351611614227,9979.5663356781,9809.284210205078,5774.085223674774,-65.38957357406616,103.02454233169556,-190.71578979492188,-799.8690009117126
1,498,19.92,9577.206075191498,9983.20460319519,8633.505702018738,6720.222383737564,1155.8544635772705,3.6382675170898438,-1175.7785081863403,946.1371600627899
1,499,19.96,10000.0,9277.027547359467,8000.108003616333,9108.865559101105,422.7939248085022,-706.1770558357239,-633.3976984024048,2388.6431753635406
