step,py_dist,c_dist,python_u1,python_u2,python_u3,python_u4,c_u1,c_u2,c_u3,c_u4,abs_err_u1,abs_err_u2,abs_err_u3,abs_err_u4,python_h00,python_h01,python_h02,python_h03,python_h04,python_h05,python_h06,python_h07,python_h08,python_h09,python_h10,python_h11,python_h12,python_h13,python_h14,python_h15,python_h16,python_h17,python_h18,python_h19,python_h20,python_h21,python_h22,python_h23,python_h24,python_h25,python_h26,python_h27,python_h28,python_h29,python_h30,python_h31,python_h32,python_h33,python_h34,python_h35,python_h36,python_h37,python_h38,python_h39,python_h40,python_h41,python_h42,python_h43,python_h44,python_h45,python_h46,python_h47,python_h48,python_h49,python_h50,python_h51,python_h52,python_h53,python_h54,python_h55,python_h56,python_h57,python_h58,python_h59,python_h60,python_h61,python_h62,python_h63,c_h00,c_h01,c_h02,c_h03,c_h04,c_h05,c_h06,c_h07,c_h08,c_h09,c_h10,c_h11,c_h12,c_h13,c_h14,c_h15,c_h16,c_h17,c_h18,c_h19,c_h20,c_h21,c_h22,c_h23,c_h24,c_h25,c_h26,c_h27,c_h28,c_h29,c_h30,c_h31,c_h32,c_h33,c_h34,c_h35,c_h36,c_h37,c_h38,c_h39,c_h40,c_h41,c_h42,c_h43,c_h44,c_h45,c_h46,c_h47,c_h48,c_h49,c_h50,c_h51,c_h52,c_h53,c_h54,c_h55,c_h56,c_h57,c_h58,c_h59,c_h60,c_h61,c_h62,c_h63,abs_err_h00,abs_err_h01,abs_err_h02,abs_err_h03,abs_err_h04,abs_err_h05,abs_err_h06,abs_err_h07,abs_err_h08,abs_err_h09,abs_err_h10,abs_err_h11,abs_err_h12,abs_err_h13,abs_err_h14,abs_err_h15,abs_err_h16,abs_err_h17,abs_err_h18,abs_err_h19,abs_err_h20,abs_err_h21,abs_err_h22,abs_err_h23,abs_err_h24,abs_err_h25,abs_err_h26,abs_err_h27,abs_err_h28,abs_err_h29,abs_err_h30,abs_err_h31,abs_err_h32,abs_err_h33,abs_err_h34,abs_err_h35,abs_err_h36,abs_err_h37,abs_err_h38,abs_err_h39,abs_err_h40,abs_err_h41,abs_err_h42,abs_err_h43,abs_err_h44,abs_err_h45,abs_err_h46,abs_err_h47,abs_err_h48,abs_err_h49,abs_err_h50,abs_err_h51,abs_err_h52,abs_err_h53,abs_err_h54,abs_err_h55,abs_err_h56,abs_err_h57,abs_err_h58,abs_err_h59,abs_err_h60,abs_err_h61,abs_err_h62,abs_err_h63
0,3.8033200303720487,3.8033200303720487,0.060410976,0.0092053935,0.77470016,1.0,0.060411032,0.009205449,0.77469987,1.0,5.5879354e-08,5.5879354e-08,2.9802322e-07,0.0,0.20932743,-0.8232818,0.9519179,0.8458239,-0.6329766,-0.7342399,0.10433954,0.99966663,0.9794438,-0.08223465,0.87329555,-0.12728143,0.943458,0.7296912,-0.8843192,0.75174123,-0.9826262,-0.27609834,-0.09946806,0.9645102,-0.28282893,-0.5145014,-0.99998516,1.0,0.99751633,0.62812257,0.39267576,0.99579376,0.49582037,0.9959133,0.37877035,0.6124987,-0.9909684,-0.14183998,0.9980857,0.17496477,0.45726416,-0.03055833,0.9999744,-0.28965342,-0.15371476,0.98717326,0.9825412,-0.80884874,-0.16126913,-0.70355964,0.96592885,0.6773051,-0.29559544,0.9020405,-0.9986221,-0.99987984,-0.9446467,-0.112891436,0.32454672,-0.0106907785,0.9964011,-0.71501493,-0.99998677,0.8836854,-0.9998866,0.9951591,-0.88167244,-0.9971746,0.20932803,-0.8232819,0.951918,0.84582406,-0.6329756,-0.73423994,0.10433909,0.99966663,0.9794438,-0.082234144,0.8732956,-0.12728068,0.943458,0.7296903,-0.8843192,0.7517415,-0.9826262,-0.27609834,-0.09946755,0.9645102,-0.28282917,-0.51450074,-0.99998516,1.0,0.99751633,0.6281229,0.3926757,0.99579376,0.49582064,0.9959134,0.3787706,0.612498,-0.9909684,-0.14183998,0.9980857,0.1749646,0.45726365,-0.03055843,0.9999744,-0.28965408,-0.1537143,0.98717326,0.9825412,-0.8088489,-0.16126966,-0.7035595,0.9659289,0.67730534,-0.29559612,0.9020405,-0.9986221,-0.99987984,-0.9446467,-0.112891436,0.32454678,-0.010690987,0.9964011,-0.71501434,-0.99998677,0.8836855,-0.9998866,0.9951591,-0.8816725,-0.9971746,5.9604645e-07,5.9604645e-08,1.1920929e-07,1.7881393e-07,1.013279e-06,5.9604645e-08,4.4703484e-07,0.0,0.0,5.066395e-07,5.9604645e-08,7.4505806e-07,0.0,8.940697e-07,0.0,2.9802322e-07,0.0,0.0,5.066395e-07,0.0,2.3841858e-07,6.556511e-07,0.0,0.0,0.0,3.5762787e-07,5.9604645e-08,0.0,2.682209e-07,5.9604645e-08,2.3841858e-07,7.1525574e-07,0.0,0.0,0.0,1.6391277e-07,5.066395e-07,1.0058284e-07,0.0,6.556511e-07,4.61936e-07,0.0,0.0,1.7881393e-07,5.364418e-07,1.1920929e-07,5.9604645e-08,2.3841858e-07,6.854534e-07,0.0,0.0,0.0,0.0,0.0,5.9604645e-08,2.0861626e-07,0.0,5.9604645e-07,0.0,1.1920929e-07,0.0,0.0,5.9604645e-08,0.0
1,3.798183796829393,3.798183796828168,0.09070274,0.0,0.7273236,1.0,0.090702966,0.0,0.72732353,1.0,2.2351742e-07,0.0,5.9604645e-08,0.0,0.37453377,-0.8460977,0.94677734,0.7811237,-0.6431714,-0.6351365,-0.03928709,0.999758,0.64887136,-0.1913952,0.71692806,-0.027028129,0.95551014,0.3248826,-0.8046894,0.41716683,-0.7603204,-0.05039695,-0.42464638,0.90199363,-0.67572135,-0.5910361,-0.9999978,0.99986875,0.96707284,0.7596155,0.25104576,0.9891312,0.5967665,0.9870275,0.41434237,0.7456777,-0.99947375,-0.12299883,0.99321854,-0.471291,0.04220842,-0.53779405,0.9999735,-0.45981443,-0.3948025,0.9980084,0.9484018,-0.8472342,-0.21010229,-0.6600639,0.92628443,0.44777495,-0.652612,0.8015938,-0.9997213,-0.99988914,-0.8933919,0.20316115,0.44465202,0.25650078,0.9845838,-0.3360449,-0.99988186,0.69272506,-0.9995716,0.98987126,-0.67755073,-0.9918963,0.3745338,-0.8460976,0.9467773,0.78112346,-0.6431712,-0.6351365,-0.039286554,0.999758,0.64887136,-0.19139455,0.71692806,-0.027028121,0.95551014,0.32488236,-0.8046894,0.41716695,-0.7603205,-0.0503968,-0.42464587,0.9019934,-0.6757216,-0.5910363,-0.9999978,0.99986875,0.96707284,0.7596153,0.2510459,0.98913115,0.5967662,0.9870275,0.4143425,0.7456774,-0.99947375,-0.12299883,0.99321854,-0.47129145,0.042208254,-0.53779334,0.9999735,-0.45981428,-0.39480275,0.9980084,0.9484018,-0.84723425,-0.21010217,-0.6600636,0.92628443,0.44777507,-0.6526122,0.8015938,-0.9997213,-0.99988914,-0.8933918,0.20316222,0.44465208,0.2565005,0.9845838,-0.33604467,-0.99988186,0.69272524,-0.99957156,0.98987126,-0.67755026,-0.9918963,2.9802322e-08,1.1920929e-07,5.9604645e-08,2.3841858e-07,2.3841858e-07,0.0,5.364418e-07,0.0,0.0,6.4074993e-07,0.0,7.450581e-09,0.0,2.3841858e-07,0.0,1.1920929e-07,5.9604645e-08,1.4901161e-07,5.066395e-07,2.3841858e-07,2.3841858e-07,2.3841858e-07,0.0,0.0,0.0,1.7881393e-07,1.4901161e-07,5.9604645e-08,2.9802322e-07,0.0,1.1920929e-07,2.9802322e-07,0.0,0.0,0.0,4.4703484e-07,1.6391277e-07,7.1525574e-07,0.0,1.4901161e-07,2.3841858e-07,0.0,0.0,5.9604645e-08,1.1920929e-07,2.9802322e-07,0.0,1.1920929e-07,2.3841858e-07,0.0,0.0,0.0,1.1920929e-07,1.0728836e-06,5.9604645e-08,2.682209e-07,0.0,2.3841858e-07,0.0,1.7881393e-07,5.9604645e-08,0.0,4.7683716e-07,0.0
2,3.793666297188214,3.793666297180037,0.085819066,0.013072714,0.6696526,1.0,0.08581938,0.013072809,0.66965187,1.0,3.1292439e-07,9.49949e-08,7.1525574e-07,0.0,0.4312299,-0.7477999,0.9061317,0.6397221,-0.36857286,-0.54344827,0.20811145,0.99971575,0.6834291,-0.24192187,0.60944855,0.12975802,0.9371373,0.3925424,-0.7484764,0.21462277,-0.675057,0.02734232,-0.46584544,0.7625092,-0.50272197,-0.5507069,-0.9999856,0.999179,0.95469993,0.6896449,0.23691893,0.9512521,0.6221831,0.9777264,0.36229444,0.63510704,-0.9985057,0.0604133,0.9909669,-0.28837666,0.010123774,-0.44340268,0.99994564,-0.47369948,-0.5367352,0.9949513,0.8948852,-0.8264183,-0.042028785,-0.41107935,0.8999496,0.3601259,-0.6653821,0.6578602,-0.9993151,-0.9997672,-0.8348929,0.5173933,0.50944,0.22311682,0.9843949,-0.28873822,-0.9997785,0.5504396,-0.99909836,0.98817945,-0.43442026,-0.986529,0.4312301,-0.74779993,0.9061317,0.6397222,-0.36857173,-0.5434483,0.20811121,0.99971575,0.683429,-0.24192214,0.6094485,0.12975861,0.9371373,0.39254135,-0.7484766,0.21462288,-0.6750567,0.027341276,-0.46584523,0.7625091,-0.5027217,-0.55070674,-0.9999856,0.999179,0.9546998,0.6896447,0.23691875,0.9512521,0.6221826,0.97772634,0.362294,0.6351062,-0.9985057,0.060412794,0.9909669,-0.2883753,0.010123067,-0.44340286,0.99994564,-0.47370014,-0.5367348,0.9949513,0.89488506,-0.8264181,-0.042029142,-0.41107967,0.8999495,0.3601252,-0.6653817,0.65786034,-0.9993151,-0.9997672,-0.834893,0.5173931,0.5094396,0.22311682,0.98439485,-0.28873748,-0.9997785,0.5504397,-0.9990983,0.98817945,-0.43442023,-0.986529,2.0861626e-07,5.9604645e-08,0.0,1.1920929e-07,1.1324883e-06,5.9604645e-08,2.3841858e-07,0.0,1.1920929e-07,2.682209e-07,5.9604645e-08,5.9604645e-07,0.0,1.0430813e-06,2.3841858e-07,1.1920929e-07,2.9802322e-07,1.0430813e-06,2.0861626e-07,1.1920929e-07,2.3841858e-07,1.7881393e-07,0.0,0.0,1.1920929e-07,1.7881393e-07,1.7881393e-07,0.0,4.7683716e-07,5.9604645e-08,4.4703484e-07,8.34465e-07,0.0,5.066395e-07,0.0,1.3709068e-06,7.0780516e-07,1.7881393e-07,0.0,6.556511e-07,3.5762787e-07,0.0,1.1920929e-07,1.7881393e-07,3.5762787e-07,3.2782555e-07,1.1920929e-07,6.854534e-07,3.5762787e-07,1.1920929e-07,0.0,0.0,5.9604645e-08,1.7881393e-07,4.172325e-07,0.0,5.9604645e-08,7.4505806e-07,0.0,1.1920929e-07,5.9604645e-08,0.0,2.9802322e-08,0.0
3,3.7897653095651767,3.789765309543418,0.16283795,0.006387517,0.6302533,1.0,0.1628378,0.006387634,0.630254,1.0,1.4901161e-07,1.17346644e-07,6.556511e-07,0.0,0.47746897,-0.7087317,0.87357914,0.54149085,-0.19626303,-0.56818914,0.34518862,0.9998393,0.64104444,-0.2052065,0.5673471,0.076755896,0.9289212,0.23288709,-0.695627,0.12431049,-0.5692625,0.000636816,-0.30859447,0.5870483,-0.43014753,-0.49740994,-0.9999677,0.99824345,0.9240145,0.6333323,0.1991786,0.8955616,0.48227757,0.96348596,0.32067305,0.6204084,-0.9973533,0.1893926,0.9909382,-0.39296356,-0.04928582,-0.5560669,0.9998856,-0.49213272,-0.4881069,0.9894391,0.87554294,-0.8101893,-0.036800623,-0.25460893,0.87468404,0.333709,-0.6718131,0.52951485,-0.99851644,-0.9994587,-0.7548153,0.682295,0.5231558,0.28288388,0.98027825,-0.3086287,-0.99946755,0.3875478,-0.9982121,0.98792744,-0.29319784,-0.97883826,0.47746807,-0.70873123,0.8735791,0.541491,-0.1962635,-0.5681891,0.34518927,0.9998393,0.6410445,-0.20520669,0.56734747,0.07675572,0.9289212,0.23288774,-0.695627,0.124310315,-0.5692627,0.00063732266,-0.30859494,0.58704865,-0.4301479,-0.49741024,-0.99996775,0.99824345,0.92401457,0.6333322,0.19917868,0.89556146,0.48227823,0.963486,0.32067296,0.6204088,-0.9973533,0.18939194,0.9909383,-0.39296365,-0.04928501,-0.55606675,0.9998856,-0.49213192,-0.4881068,0.9894391,0.8755429,-0.81018925,-0.036800504,-0.2546088,0.87468404,0.3337094,-0.67181355,0.5295152,-0.99851644,-0.99945873,-0.75481564,0.68229455,0.52315557,0.28288302,0.98027825,-0.30863005,-0.99946755,0.3875478,-0.9982121,0.98792744,-0.29319802,-0.97883826,8.940697e-07,4.7683716e-07,5.9604645e-08,1.1920929e-07,4.7683716e-07,5.9604645e-08,6.556511e-07,0.0,5.9604645e-08,1.937151e-07,3.5762787e-07,1.7881393e-07,0.0,6.556511e-07,0.0,1.7881393e-07,1.7881393e-07,5.066395e-07,4.7683716e-07,3.5762787e-07,3.5762787e-07,2.9802322e-07,5.9604645e-08,0.0,5.9604645e-08,1.1920929e-07,7.4505806e-08,1.1920929e-07,6.556511e-07,5.9604645e-08,8.940697e-08,3.5762787e-07,0.0,6.556511e-07,1.1920929e-07,8.940697e-08,8.121133e-07,1.1920929e-07,0.0,8.046627e-07,1.1920929e-07,0.0,5.9604645e-08,5.9604645e-08,1.1920929e-07,1.1920929e-07,0.0,3.874302e-07,4.7683716e-07,3.5762787e-07,0.0,5.9604645e-08,3.5762787e-07,4.7683716e-07,2.3841858e-07,8.6426735e-07,0.0,1.3411045e-06,0.0,0.0,0.0,0.0,1.7881393e-07,0.0
4,3.7864797158150707,3.786479715766976,0.2283388,0.0041395426,0.57329357,1.0,0.22833888,0.004139483,0.5732935,1.0,8.940697e-08,5.9604645e-08,5.9604645e-08,0.0,0.52422154,-0.64404964,0.820704,0.41702393,-0.016854212,-0.4549147,0.39890665,0.9998769,0.60957974,-0.16233525,0.5300961,0.060402393,0.90971565,0.12712118,-0.6855186,0.04305339,-0.45134532,-0.03023076,-0.23373665,0.46668255,-0.3325004,-0.4557753,-0.99994415,0.9961636,0.88380826,0.55734944,0.1490157,0.7855006,0.3312885,0.9473883,0.2677309,0.55941737,-0.9945185,0.31070432,0.99151146,-0.39237463,-0.05785232,-0.49542084,0.9998366,-0.5336013,-0.41352588,0.97817624,0.85072064,-0.80405563,-0.0063188374,-0.1210829,0.8410776,0.249167,-0.5941952,0.36673474,-0.99632704,-0.99874693,-0.6499106,0.7659391,0.5279212,0.29943553,0.97594887,-0.3176685,-0.99883187,0.23688719,-0.9966534,0.98820573,-0.06390874,-0.96808255,0.5242218,-0.64405,0.82070416,0.4170241,-0.016855307,-0.4549149,0.3989063,0.9998769,0.6095795,-0.16233501,0.53009576,0.06040281,0.90971565,0.12712136,-0.6855185,0.043054074,-0.4513451,-0.03023073,-0.23373637,0.46668246,-0.33250058,-0.45577523,-0.99994415,0.9961636,0.8838082,0.55734956,0.1490154,0.7855013,0.33128905,0.94738835,0.26773122,0.559417,-0.99451864,0.31070396,0.9915114,-0.39237496,-0.05785203,-0.49542135,0.9998366,-0.5336015,-0.41352564,0.9781762,0.85072064,-0.8040558,-0.006319344,-0.12108311,0.8410777,0.24916689,-0.5941955,0.36673456,-0.99632704,-0.99874693,-0.6499106,0.7659391,0.527921,0.29943553,0.97594887,-0.31766808,-0.99883187,0.23688757,-0.9966534,0.98820573,-0.063908435,-0.96808255,2.3841858e-07,3.5762787e-07,1.7881393e-07,1.7881393e-07,1.0952353e-06,2.0861626e-07,3.5762787e-07,0.0,2.3841858e-07,2.3841858e-07,3.5762787e-07,4.172325e-07,0.0,1.7881393e-07,1.1920929e-07,6.854534e-07,2.3841858e-07,2.9802322e-08,2.8312206e-07,8.940697e-08,1.7881393e-07,5.9604645e-08,0.0,0.0,5.9604645e-08,1.1920929e-07,2.9802322e-07,7.1525574e-07,5.662441e-07,5.9604645e-08,3.2782555e-07,3.5762787e-07,1.1920929e-07,3.5762787e-07,5.9604645e-08,3.2782555e-07,2.9057264e-07,5.066395e-07,0.0,2.3841858e-07,2.3841858e-07,5.9604645e-08,0.0,1.7881393e-07,5.066395e-07,2.0861626e-07,5.9604645e-08,1.0430813e-07,2.9802322e-07,1.7881393e-07,0.0,0.0,0.0,0.0,1.7881393e-07,0.0,0.0,4.172325e-07,0.0,3.874302e-07,0.0,0.0,3.054738e-07,0.0
5,3.7838079319632083,3.7838079318946947,0.28825292,0.0035831481,0.5438463,1.0,0.28825298,0.0035830997,0.5438462,1.0,5.9604645e-08,4.8428774e-08,1.1920929e-07,0.0,0.5262848,-0.57485366,0.74473524,0.30838072,0.117585264,-0.358609,0.44558,0.9999081,0.5798437,-0.17223637,0.5060325,0.015512899,0.88335043,0.052018136,-0.64832956,-0.005282581,-0.33861876,-0.055569693,-0.15182193,0.34739387,-0.22021344,-0.3998042,-0.99992347,0.99372256,0.84011763,0.48795533,0.11021313,0.5919026,0.1640013,0.9208724,0.2107889,0.5128101,-0.9878551,0.39071107,0.9940867,-0.43740702,-0.04885427,-0.45596564,0.9997061,-0.53053075,-0.33186263,0.95941097,0.8092673,-0.80023015,0.057576716,-0.0065633655,0.80001867,0.18047743,-0.50828254,0.22508895,-0.99060965,-0.9968852,-0.5518436,0.8084364,0.4993556,0.29680428,0.97045094,-0.38262925,-0.9975524,0.11209431,-0.9930327,0.9892844,0.055259638,-0.9520419,0.5262848,-0.57485366,0.7447355,0.30838072,0.11758515,-0.3586091,0.4455799,0.9999081,0.57984364,-0.17223616,0.5060325,0.015513301,0.8833505,0.052018017,-0.64832985,-0.0052827597,-0.338619,-0.055569813,-0.15182233,0.347394,-0.22021332,-0.39980417,-0.99992347,0.99372256,0.84011763,0.48795518,0.11021271,0.5919023,0.16400129,0.92087233,0.21078894,0.51281,-0.9878551,0.39071095,0.9940866,-0.43740672,-0.04885424,-0.45596525,0.9997061,-0.53053105,-0.3318625,0.9594109,0.8092674,-0.80023,0.057576537,-0.006563127,0.8000189,0.18047728,-0.5082827,0.22508895,-0.99060965,-0.9968852,-0.5518432,0.80843645,0.49935544,0.2968046,0.97045094,-0.38262862,-0.9975524,0.112093896,-0.99303275,0.9892844,0.055259697,-0.9520419,0.0,0.0,2.3841858e-07,0.0,1.1175871e-07,1.1920929e-07,1.1920929e-07,0.0,5.9604645e-08,2.0861626e-07,0.0,4.0233135e-07,5.9604645e-08,1.1920929e-07,2.9802322e-07,1.7881393e-07,2.3841858e-07,1.1920929e-07,4.0233135e-07,1.1920929e-07,1.1920929e-07,2.9802322e-08,0.0,0.0,0.0,1.4901161e-07,4.172325e-07,2.9802322e-07,1.4901161e-08,5.9604645e-08,2.9802322e-08,1.1920929e-07,0.0,1.1920929e-07,5.9604645e-08,2.9802322e-07,2.9802322e-08,3.874302e-07,0.0,2.9802322e-07,1.1920929e-07,5.9604645e-08,1.1920929e-07,1.1920929e-07,1.7881393e-07,2.3841858e-07,2.3841858e-07,1.4901161e-07,1.7881393e-07,0.0,0.0,0.0,3.5762787e-07,5.9604645e-08,1.7881393e-07,3.2782555e-07,0.0,6.2584877e-07,0.0,4.172325e-07,5.9604645e-08,0.0,5.9604645e-08,0.0
6,3.7817456761565396,3.7817456760774664,0.3578279,0.0,0.5268483,1.0,0.3578277,0.0,0.52684844,1.0,2.0861626e-07,0.0,1.1920929e-07,0.0,0.5161083,-0.5146534,0.64982456,0.21165444,0.20548043,-0.27476943,0.47731048,0.99993277,0.5453255,-0.189331,0.4839149,-0.056724116,0.84914505,-0.02350992,-0.613369,-0.087681055,-0.2194756,-0.06815158,-0.071067974,0.22523898,-0.09206635,-0.3375311,-0.9998923,0.9904502,0.7829081,0.40603602,0.07364954,0.32283255,0.005163774,0.8824709,0.14760253,0.48834914,-0.9722452,0.45286483,0.9961277,-0.45553645,-0.024632715,-0.44985843,0.99938875,-0.51297057,-0.20933244,0.93017536,0.7401182,-0.7871886,0.12416485,0.12439147,0.75166136,0.10162006,-0.42949215,0.06434336,-0.9792421,-0.993188,-0.42383566,0.83543515,0.4446934,0.29714853,0.96452945,-0.46907476,-0.99474233,-0.0030201375,-0.9844707,0.98975694,0.13403836,-0.92515963,0.51610804,-0.51465327,0.6498245,0.21165422,0.20548026,-0.2747697,0.47731012,0.99993277,0.5453257,-0.18933094,0.4839147,-0.056723833,0.84914505,-0.023509562,-0.6133688,-0.08768138,-0.2194756,-0.06815116,-0.07106812,0.22523932,-0.0920662,-0.33753115,-0.9998923,0.9904502,0.7829081,0.40603584,0.07364926,0.3228327,0.005164206,0.8824709,0.14760226,0.4883489,-0.97224534,0.45286483,0.9961277,-0.45553645,-0.024632528,-0.44985816,0.99938875,-0.5129702,-0.20933254,0.9301754,0.7401182,-0.78718865,0.12416479,0.124391705,0.7516616,0.101620495,-0.429492,0.06434351,-0.9792421,-0.993188,-0.4238359,0.83543503,0.4446933,0.29714832,0.96452945,-0.46907488,-0.99474233,-0.003020823,-0.9844708,0.98975694,0.13403842,-0.92515963,2.3841858e-07,1.1920929e-07,5.9604645e-08,2.2351742e-07,1.6391277e-07,2.682209e-07,3.5762787e-07,0.0,1.7881393e-07,5.9604645e-08,2.0861626e-07,2.8312206e-07,0.0,3.5762787e-07,1.7881393e-07,3.2782555e-07,0.0,4.172325e-07,1.4901161e-07,3.427267e-07,1.4901161e-07,5.9604645e-08,0.0,0.0,0.0,1.7881393e-07,2.8312206e-07,1.4901161e-07,4.3213367e-07,0.0,2.682209e-07,2.3841858e-07,1.1920929e-07,0.0,0.0,0.0,1.8626451e-07,2.682209e-07,0.0,3.5762787e-07,1.0430813e-07,5.9604645e-08,0.0,5.9604645e-08,5.9604645e-08,2.3841858e-07,2.3841858e-07,4.3213367e-07,1.4901161e-07,1.4901161e-07,0.0,0.0,2.3841858e-07,1.1920929e-07,8.940697e-08,2.0861626e-07,0.0,1.1920929e-07,0.0,6.854534e-07,5.9604645e-08,0.0,5.9604645e-08,0.0
7,3.7802851008776353,3.780285100797782,0.43106633,0.0,0.5254171,1.0,0.43106613,0.0,0.525417,1.0,2.0861626e-07,0.0,1.1920929e-07,0.0,0.48462433,-0.4144857,0.4910965,0.10076775,0.2404581,-0.19287696,0.48600876,0.99994177,0.49410486,-0.20073372,0.43916875,-0.14174272,0.7907441,-0.089571625,-0.57379436,-0.17009625,-0.09347561,-0.031623587,0.00014099479,0.115297794,0.040400267,-0.2538145,-0.99981344,0.9869312,0.7114294,0.26883587,0.051276103,0.008276597,-0.13630998,0.82073325,0.08022067,0.44858336,-0.9217535,0.5001675,0.9981469,-0.4369861,-0.031831678,-0.4448495,0.99833184,-0.45609137,-0.086305425,0.852999,0.61549807,-0.75255585,0.19380718,0.25379395,0.67399484,0.021700308,-0.35469976,-0.1119113,-0.94737804,-0.98037547,-0.25277102,0.86122084,0.37092373,0.2945731,0.95479846,-0.5773791,-0.9850636,-0.04141894,-0.9541476,0.98951197,0.14948644,-0.86947405,0.48462445,-0.4144858,0.4910962,0.1007673,0.2404583,-0.19287714,0.48600912,0.99994177,0.49410486,-0.20073406,0.43916866,-0.14174233,0.7907438,-0.08957136,-0.573794,-0.17009613,-0.09347543,-0.03162363,0.00014096498,0.11529806,0.040400356,-0.2538145,-0.99981344,0.9869312,0.71142983,0.268836,0.051276296,0.008276343,-0.13630968,0.82073313,0.08022085,0.4485832,-0.9217535,0.5001676,0.9981469,-0.43698573,-0.031831834,-0.44484928,0.99833184,-0.45609134,-0.08630549,0.85299885,0.615498,-0.75255597,0.19380718,0.25379407,0.673995,0.02170071,-0.3546999,-0.111911654,-0.947378,-0.9803754,-0.25277102,0.8612208,0.37092382,0.29457337,0.95479846,-0.57737875,-0.9850636,-0.041418612,-0.9541476,0.989512,0.14948627,-0.86947393,1.1920929e-07,1.1920929e-07,2.9802322e-07,4.4703484e-07,1.937151e-07,1.7881393e-07,3.5762787e-07,0.0,0.0,3.427267e-07,8.940697e-08,3.874302e-07,2.9802322e-07,2.682209e-07,3.5762787e-07,1.1920929e-07,1.7881393e-07,4.4703484e-08,2.9802322e-08,2.682209e-07,8.940697e-08,0.0,0.0,0.0,4.172325e-07,1.1920929e-07,1.937151e-07,2.5331974e-07,2.9802322e-07,1.1920929e-07,1.7881393e-07,1.7881393e-07,0.0,1.1920929e-07,0.0,3.5762787e-07,1.5646219e-07,2.0861626e-07,0.0,2.9802322e-08,6.7055225e-08,1.1920929e-07,5.9604645e-08,1.1920929e-07,0.0,1.1920929e-07,1.7881393e-07,4.0233135e-07,1.4901161e-07,3.5762787e-07,5.9604645e-08,5.9604645e-08,0.0,5.9604645e-08,8.940697e-08,2.682209e-07,0.0,3.5762787e-07,0.0,3.2782555e-07,0.0,5.9604645e-08,1.6391277e-07,1.1920929e-07
8,3.7794143704685506,3.779414370400114,0.5200874,0.0038757026,0.53423387,0.9967919,0.5200882,0.0038755815,0.5342337,0.9967919,7.748604e-07,1.2107193e-07,1.7881393e-07,0.0,0.42942837,-0.30344245,0.2794489,-0.015538171,0.231052,-0.13119042,0.46018052,0.99993896,0.44046998,-0.20826378,0.3958388,-0.23420551,0.7103496,-0.18491477,-0.5174754,-0.2654513,0.026388705,0.032068595,0.07072756,0.05998531,0.15698856,-0.14977172,-0.9996711,0.9852065,0.59651613,0.09793508,0.034031928,-0.15398204,-0.31578654,0.7398033,0.014554352,0.39100587,-0.78586876,0.5322816,0.9993709,-0.3796962,-0.08686944,-0.45347953,0.9937097,-0.371095,0.02725374,0.6461021,0.45920146,-0.7019108,0.23955542,0.34803978,0.5466716,-0.058632717,-0.27430838,-0.25270006,-0.8700128,-0.93541324,-0.10426235,0.8800039,0.2863416,0.28401938,0.9378977,-0.6675205,-0.93933403,0.092034854,-0.8514737,0.98887575,0.08143553,-0.75888264,0.42942852,-0.30344248,0.27944905,-0.015538022,0.23105276,-0.13118994,0.4601807,0.99993896,0.4404698,-0.20826289,0.3958391,-0.2342059,0.7103497,-0.18491548,-0.51747555,-0.26545167,0.026389003,0.032068327,0.07072845,0.05998504,0.15698877,-0.14977166,-0.9996711,0.9852065,0.596515,0.09793529,0.034031883,-0.15398213,-0.31578806,0.73980343,0.01455462,0.3910059,-0.7858687,0.53228164,0.9993709,-0.37969607,-0.086869776,-0.45347947,0.9937097,-0.37109512,0.02725435,0.6461019,0.45920166,-0.7019106,0.23955494,0.34803972,0.5466714,-0.05863315,-0.27430865,-0.25269988,-0.87001276,-0.9354133,-0.10426244,0.88000405,0.28634137,0.28401917,0.93789744,-0.6675203,-0.93933386,0.092034526,-0.85147357,0.98887575,0.08143568,-0.75888246,1.4901161e-07,2.9802322e-08,1.4901161e-07,1.4901161e-07,7.599592e-07,4.7683716e-07,1.7881393e-07,0.0,1.7881393e-07,8.940697e-07,2.9802322e-07,3.874302e-07,5.9604645e-08,7.1525574e-07,1.1920929e-07,3.5762787e-07,2.9802322e-07,2.682209e-07,8.940697e-07,2.682209e-07,2.0861626e-07,5.9604645e-08,0.0,0.0,1.1324883e-06,2.0861626e-07,4.4703484e-08,8.940697e-08,1.5199184e-06,1.1920929e-07,2.682209e-07,2.9802322e-08,5.9604645e-08,5.9604645e-08,0.0,1.1920929e-07,3.3527613e-07,5.9604645e-08,0.0,1.1920929e-07,6.109476e-07,1.7881393e-07,2.0861626e-07,1.7881393e-07,4.7683716e-07,5.9604645e-08,2.3841858e-07,4.3213367e-07,2.682209e-07,1.7881393e-07,5.9604645e-08,5.9604645e-08,8.940697e-08,1.1920929e-07,2.3841858e-07,2.0861626e-07,2.3841858e-07,2.3841858e-07,1.7881393e-07,3.2782555e-07,1.1920929e-07,0.0,1.4901161e-07,1.7881393e-07
9,3.779117208493873,3.779117208450257,0.6322847,0.024757572,0.54099,0.99215096,0.63228476,0.024757616,0.5409896,0.992151,5.9604645e-08,4.4703484e-08,4.172325e-07,5.9604645e-08,0.3205399,-0.3163439,0.12731138,-0.08311325,0.16718662,-0.07004423,0.39046103,0.9999216,0.35025308,-0.20745668,0.3950121,-0.36695772,0.63633704,-0.312566,-0.45906734,-0.30279672,0.09630123,0.09631927,0.11771032,0.063482136,0.21532246,-0.0207071,-0.99930125,0.986126,0.38253954,-0.075692415,0.0072671697,-0.16921139,-0.50886077,0.65333277,-0.021287382,0.33745366,-0.6483383,0.55772483,0.9997954,-0.29074097,-0.21962683,-0.4976329,0.9725312,-0.30706862,0.16217926,0.27844518,0.33550602,-0.6333953,0.2503972,0.41172367,0.3968374,-0.1612748,-0.21570516,-0.36587036,-0.7475296,-0.83734155,0.011333466,0.8717516,0.18563311,0.28498468,0.91195625,-0.7229183,-0.7404119,0.24384896,-0.61908174,0.98744863,-0.027580917,-0.5633534,0.32053992,-0.31634367,0.1273117,-0.083113335,0.16718721,-0.07004401,0.39046085,0.9999216,0.3502537,-0.20745648,0.39501217,-0.36695713,0.6363373,-0.3125662,-0.4590671,-0.30279654,0.09630141,0.09631872,0.117709905,0.06348181,0.21532243,-0.0207071,-0.99930125,0.98612595,0.38253945,-0.075692356,0.0072671175,-0.16921127,-0.50886077,0.6533325,-0.02128762,0.33745307,-0.6483386,0.55772436,0.9997954,-0.29074097,-0.21962704,-0.49763256,0.97253126,-0.30706912,0.16217943,0.27844566,0.3355063,-0.633395,0.2503969,0.41172352,0.39683783,-0.16127539,-0.21570519,-0.3658703,-0.7475295,-0.8373414,0.011333436,0.8717516,0.18563326,0.28498453,0.9119563,-0.722918,-0.7404119,0.24384849,-0.6190821,0.9874487,-0.027581275,-0.5633534,2.9802322e-08,2.3841858e-07,3.2782555e-07,8.195639e-08,5.9604645e-07,2.1606684e-07,1.7881393e-07,0.0,6.2584877e-07,1.937151e-07,5.9604645e-08,5.9604645e-07,2.3841858e-07,1.7881393e-07,2.3841858e-07,1.7881393e-07,1.7881393e-07,5.5134296e-07,4.172325e-07,3.2782555e-07,2.9802322e-08,0.0,0.0,5.9604645e-08,8.940697e-08,5.9604645e-08,5.2154064e-08,1.1920929e-07,0.0,2.9802322e-07,2.3841858e-07,5.9604645e-07,2.9802322e-07,4.7683716e-07,0.0,0.0,2.0861626e-07,3.2782555e-07,5.9604645e-08,5.066395e-07,1.6391277e-07,4.7683716e-07,2.682209e-07,2.9802322e-07,2.9802322e-07,1.4901161e-07,4.172325e-07,5.811453e-07,2.9802322e-08,5.9604645e-08,1.1920929e-07,1.1920929e-07,2.9802322e-08,0.0,1.4901161e-07,1.4901161e-07,5.9604645e-08,2.9802322e-07,0.0,4.7683716e-07,3.5762787e-07,5.9604645e-08,3.5762787e-07,0.0
10,3.7793721429372993,3.7793721429419413,0.71235305,0.10967571,0.54813826,0.999451,0.71235335,0.109676,0.5481385,0.99945104,2.9802322e-07,2.9057264e-07,2.3841858e-07,5.9604645e-08,0.15428343,-0.3358466,-0.04866329,-0.15866543,0.07003749,0.017655902,0.3001373,0.9998621,0.23656124,-0.20221673,0.3639028,-0.46658102,0.5665171,-0.40911224,-0.42178905,-0.35054374,0.10233995,0.1786657,0.09780839,0.09049466,0.24968284,0.089260906,-0.9980185,0.9859157,0.16694152,-0.27455282,-0.022631865,-0.1688979,-0.6305052,0.55080056,-0.055461407,0.2735905,-0.5899385,0.5827706,0.9998877,-0.17453995,-0.36179125,-0.48973534,0.91171384,-0.23555323,0.20761529,-0.14965658,0.16404909,-0.5431437,0.2690809,0.47192496,0.23078778,-0.24858259,-0.14619565,-0.5021204,-0.5186905,-0.6374502,-0.004027456,0.85580707,0.079479784,0.29794708,0.8631223,-0.7562473,-0.27111638,0.4003142,-0.26836967,0.98463124,-0.179813,-0.26377982,0.1542831,-0.33584636,-0.04866329,-0.15866543,0.07003708,0.017656174,0.3001373,0.9998621,0.23656145,-0.20221649,0.36390308,-0.46658128,0.56651664,-0.40911242,-0.4217888,-0.35054356,0.10234019,0.17866567,0.09780827,0.09049466,0.24968296,0.089260906,-0.9980185,0.9859158,0.16694073,-0.27455294,-0.022632007,-0.16889766,-0.6305056,0.5508005,-0.055461377,0.2735906,-0.5899383,0.58277017,0.9998877,-0.17453995,-0.3617909,-0.48973498,0.91171396,-0.23555264,0.20761524,-0.14965598,0.16404936,-0.5431435,0.26908106,0.4719249,0.23078802,-0.24858272,-0.1461955,-0.5021201,-0.5186901,-0.63745004,-0.0040275156,0.855807,0.079479724,0.2979465,0.8631223,-0.7562477,-0.27111632,0.40031388,-0.2683696,0.98463124,-0.17981288,-0.26377982,3.2782555e-07,2.3841858e-07,0.0,0.0,4.0978193e-07,2.719462e-07,0.0,0.0,2.0861626e-07,2.3841858e-07,2.682209e-07,2.682209e-07,4.7683716e-07,1.7881393e-07,2.3841858e-07,1.7881393e-07,2.3841858e-07,2.9802322e-08,1.1920929e-07,0.0,1.1920929e-07,0.0,0.0,5.9604645e-08,7.8976154e-07,1.1920929e-07,1.4156103e-07,2.3841858e-07,4.172325e-07,5.9604645e-08,2.9802322e-08,8.940697e-08,2.3841858e-07,4.172325e-07,0.0,0.0,3.5762787e-07,3.5762787e-07,1.1920929e-07,5.9604645e-07,4.4703484e-08,5.9604645e-07,2.682209e-07,1.7881393e-07,1.4901161e-07,5.9604645e-08,2.3841858e-07,1.3411045e-07,1.4901161e-07,2.9802322e-07,4.172325e-07,1.7881393e-07,5.9604645e-08,5.9604645e-08,5.9604645e-08,5.662441e-07,0.0,4.172325e-07,5.9604645e-08,3.2782555e-07,8.940697e-08,0.0,1.1920929e-07,0.0
11,3.7801515182602587,3.780151518344423,0.77459824,0.2748198,0.575422,0.98912543,0.7745987,0.2748197,0.57542175,0.9891255,4.7683716e-07,8.940697e-08,2.3841858e-07,5.9604645e-08,-0.015462339,-0.18249123,-0.29677233,-0.25322592,-0.0379776,0.15211532,0.06941013,0.9997183,0.15606788,-0.14849204,0.23152348,-0.51214576,0.4448778,-0.43041018,-0.4376629,-0.46213284,0.05459851,0.2178444,0.025925547,0.12488571,0.28241488,0.12554732,-0.99535954,0.9912231,0.0082025975,-0.47296393,-0.006918907,-0.05585429,-0.71604973,0.5527947,-0.103832215,0.1752232,-0.38737723,0.5646685,0.99982476,-0.1218487,-0.47613382,-0.3663922,0.8297117,-0.11390275,0.15808927,-0.35136187,-0.016136944,-0.473736,0.278051,0.47728923,0.057593197,-0.32504457,-0.050222836,-0.61132896,-0.26476154,-0.3990376,-0.22165664,0.84761405,-0.06388323,0.30284536,0.75669336,-0.7993835,0.12955296,0.3263896,0.12898016,0.97272325,-0.27542466,0.07522693,-0.015462369,-0.18249105,-0.29677245,-0.25322592,-0.03797759,0.15211572,0.06941034,0.9997183,0.15606782,-0.14849222,0.23152354,-0.5121456,0.44487807,-0.43041018,-0.43766308,-0.46213275,0.054599106,0.21784368,0.02592513,0.12488511,0.28241467,0.12554759,-0.9953596,0.99122304,0.008202001,-0.47296417,-0.0069195703,-0.05585441,-0.71604973,0.5527944,-0.10383257,0.17522298,-0.38737705,0.56466824,0.99982476,-0.12184852,-0.47613397,-0.3663923,0.8297121,-0.113903165,0.15808947,-0.35136205,-0.016136736,-0.4737354,0.27805078,0.47728926,0.057593495,-0.3250451,-0.05022285,-0.61132926,-0.2647614,-0.3990376,-0.22165585,0.84761393,-0.06388354,0.30284527,0.75669366,-0.79938346,0.12955299,0.32638967,0.1289798,0.97272325,-0.27542463,0.07522714,2.9802322e-08,1.7881393e-07,1.1920929e-07,0.0,7.450581e-09,4.0233135e-07,2.0861626e-07,0.0,5.9604645e-08,1.7881393e-07,5.9604645e-08,1.7881393e-07,2.682209e-07,0.0,1.7881393e-07,8.940697e-08,5.9604645e-07,7.1525574e-07,4.172325e-07,5.9604645e-07,2.0861626e-07,2.682209e-07,5.9604645e-08,5.9604645e-08,5.9604645e-07,2.3841858e-07,6.631017e-07,1.1920929e-07,0.0,2.9802322e-07,3.5762787e-07,2.2351742e-07,1.7881393e-07,2.3841858e-07,0.0,1.7881393e-07,1.4901161e-07,1.1920929e-07,4.172325e-07,4.172325e-07,2.0861626e-07,1.7881393e-07,2.0861626e-07,5.9604645e-07,2.0861626e-07,2.9802322e-08,2.9802322e-07,5.364418e-07,1.4901161e-08,2.9802322e-07,1.4901161e-07,0.0,7.8976154e-07,1.1920929e-07,3.1292439e-07,8.940697e-08,2.9802322e-07,5.9604645e-08,2.9802322e-08,5.9604645e-08,3.5762787e-07,0.0,2.9802322e-08,2.0861626e-07
12,3.7814203215638917,3.781420321780338,0.85739464,0.4659583,0.61897826,0.9339314,0.85739464,0.46595836,0.6189786,0.93393105,0.0,5.9604645e-08,3.5762787e-07,3.5762787e-07,-0.1336784,-0.06107846,-0.42482135,-0.28941572,-0.18117407,0.28476012,-0.16631341,0.9994659,0.040550187,-0.053198345,0.09239328,-0.5824339,0.3011102,-0.48942292,-0.401269,-0.4765063,-0.05477667,0.20948783,-0.023734957,0.19192666,0.3023962,0.11221966,-0.98978597,0.99511266,-0.19891366,-0.602365,0.0529182,0.05119905,-0.7906081,0.56754273,-0.10934934,0.05481951,-0.070168614,0.47378325,0.9995487,-0.025637567,-0.5265625,-0.19918601,0.629502,0.0056381524,0.025178362,-0.3799937,-0.2484798,-0.38777232,0.31691307,0.44759366,-0.19860396,-0.38341716,0.032692313,-0.6704192,0.007046193,-0.07948537,-0.5083638,0.8563552,-0.2319852,0.29357657,0.46196675,-0.84742934,0.35795343,0.19083184,0.4060405,0.9287257,-0.2931063,0.37005407,-0.13367885,-0.06107844,-0.4248212,-0.28941604,-0.1811746,0.28476012,-0.1663136,0.99946594,0.04055038,-0.053198818,0.09239361,-0.58243376,0.30110997,-0.48942274,-0.40126872,-0.47650635,-0.054776162,0.20948794,-0.023735762,0.1919268,0.30239615,0.1122199,-0.98978597,0.99511266,-0.19891392,-0.6023653,0.05291769,0.051199675,-0.7906078,0.56754255,-0.109350264,0.05481954,-0.07016817,0.4737826,0.9995487,-0.025637627,-0.5265619,-0.19918582,0.6295015,0.005638808,0.02517828,-0.37999362,-0.24847968,-0.3877721,0.31691366,0.4475937,-0.19860432,-0.3834172,0.032692157,-0.67041904,0.0070467293,-0.0794851,-0.5083636,0.8563549,-0.23198526,0.29357594,0.46196586,-0.84742975,0.3579533,0.19083185,0.4060407,0.92872566,-0.29310587,0.37005442,4.4703484e-07,1.8626451e-08,1.4901161e-07,3.2782555e-07,5.364418e-07,0.0,1.937151e-07,5.9604645e-08,1.937151e-07,4.7311187e-07,3.2782555e-07,1.1920929e-07,2.3841858e-07,1.7881393e-07,2.682209e-07,5.9604645e-08,5.066395e-07,1.1920929e-07,8.046627e-07,1.4901161e-07,5.9604645e-08,2.3841858e-07,0.0,0.0,2.5331974e-07,2.9802322e-07,5.1036477e-07,6.2584877e-07,2.9802322e-07,1.7881393e-07,9.23872e-07,2.9802322e-08,4.4703484e-07,6.556511e-07,0.0,5.9604645e-08,5.9604645e-07,1.937151e-07,4.7683716e-07,6.556511e-07,8.195639e-08,8.940697e-08,1.1920929e-07,2.0861626e-07,5.9604645e-07,2.9802322e-08,3.5762787e-07,2.9802322e-08,1.5646219e-07,1.7881393e-07,5.364418e-07,2.682209e-07,1.7881393e-07,2.9802322e-07,5.9604645e-08,6.2584877e-07,8.940697e-07,4.172325e-07,1.1920929e-07,1.4901161e-08,2.0861626e-07,5.9604645e-08,4.172325e-07,3.5762787e-07
13,3.783134368415594,3.7831343688305696,0.91752553,0.64194435,0.64896095,0.7566352,0.9175253,0.6419446,0.64896107,0.75663555,2.3841858e-07,2.3841858e-07,1.1920929e-07,3.5762787e-07,-0.21165371,0.023674384,-0.46654347,-0.22830638,-0.3190568,0.41815144,-0.3331342,0.9986004,-0.057362378,-0.02211182,-0.04515469,-0.59399164,0.187085,-0.5751846,-0.3537001,-0.39808673,-0.14991832,0.18208347,-0.10131678,0.25730917,0.26586673,0.07638982,-0.977378,0.9968807,-0.3680324,-0.6581373,0.102414116,0.09362605,-0.8049994,0.5693976,-0.10243988,-0.033604577,0.2720152,0.33057564,0.99814016,0.11593965,-0.5435849,-0.09288344,0.23986083,0.079343796,-0.11363633,-0.30360097,-0.4374014,-0.33054245,0.3464274,0.3896014,-0.349028,-0.41362223,0.05930747,-0.71845204,0.24598524,0.2589178,-0.4380569,0.84705675,-0.36421055,0.27129006,-0.08576274,-0.87122405,0.45933402,0.03421989,0.52270985,0.7923862,-0.25850624,0.55653125,-0.21165398,0.023674756,-0.4665434,-0.22830656,-0.31905726,0.41815177,-0.33313394,0.9986004,-0.05736211,-0.022112401,-0.045154214,-0.5939915,0.1870845,-0.57518446,-0.35370016,-0.3980867,-0.14991817,0.18208386,-0.10131723,0.25730923,0.26586688,0.07639009,-0.977378,0.9968807,-0.36803254,-0.65813756,0.1024138,0.09362629,-0.8049991,0.5693977,-0.10243994,-0.03360492,0.27201495,0.33057535,0.99814016,0.115940005,-0.54358494,-0.0928835,0.23986183,0.07934371,-0.11363627,-0.3036009,-0.43740162,-0.33054206,0.34642747,0.38960153,-0.3490281,-0.41362274,0.059307307,-0.7184521,0.24598576,0.2589185,-0.43805686,0.8470568,-0.3642111,0.27128977,-0.0857621,-0.87122416,0.45933402,0.034220055,0.52270967,0.7923864,-0.25850627,0.5565312,2.682209e-07,3.7252903e-07,5.9604645e-08,1.7881393e-07,4.4703484e-07,3.2782555e-07,2.682209e-07,0.0,2.682209e-07,5.811453e-07,4.7683716e-07,1.1920929e-07,5.066395e-07,1.1920929e-07,5.9604645e-08,2.9802322e-08,1.4901161e-07,3.874302e-07,4.4703484e-07,5.9604645e-08,1.4901161e-07,2.682209e-07,0.0,0.0,1.4901161e-07,2.3841858e-07,3.1292439e-07,2.3841858e-07,2.9802322e-07,5.9604645e-08,5.9604645e-08,3.427267e-07,2.682209e-07,2.9802322e-07,0.0,3.5762787e-07,5.9604645e-08,5.9604645e-08,9.983778e-07,8.940697e-08,5.9604645e-08,5.9604645e-08,2.0861626e-07,3.874302e-07,5.9604645e-08,1.1920929e-07,1.1920929e-07,5.066395e-07,1.6391277e-07,5.9604645e-08,5.2154064e-07,6.854534e-07,2.9802322e-08,5.9604645e-08,5.662441e-07,2.9802322e-07,6.4074993e-07,1.1920929e-07,0.0,1.6391277e-07,1.7881393e-07,2.3841858e-07,2.9802322e-08,5.9604645e-08
14,3.7852376078839964,3.78523760857306,0.9632398,0.83962125,0.6772355,0.6271202,0.9632396,0.83962166,0.6772353,0.62711984,1.7881393e-07,4.172325e-07,1.7881393e-07,3.5762787e-07,-0.2278496,0.16235742,-0.43554762,-0.094545215,-0.38042128,0.53925663,-0.44885403,0.99854076,-0.0065321326,-0.00024939328,-0.17963833,-0.62687033,0.0812756,-0.6439565,-0.22025475,-0.26185146,-0.15152678,0.25861233,-0.15564346,0.26020062,0.18055496,0.024051964,-0.98175186,0.99809766,-0.5087441,-0.60952544,0.12051152,0.10481724,-0.7848089,0.54454887,-0.08191416,-0.08863829,0.48964804,0.17497054,0.99748045,0.2073743,-0.5166364,-0.029656053,0.026523992,0.14664942,-0.26869938,-0.16807905,-0.5477851,-0.34459275,0.35623503,0.25614938,-0.42493904,-0.4282304,0.010393187,-0.7024535,0.4655311,0.58454555,-0.20910093,0.844017,-0.4522869,0.12839356,-0.3635996,-0.8824973,0.5025722,-0.24381498,0.57624793,0.7586341,-0.24345297,0.6310364,-0.22784942,0.1623576,-0.4355476,-0.09454464,-0.3804212,0.53925693,-0.4488545,0.9985407,-0.006531909,-0.00024996325,-0.17963842,-0.62686986,0.08127539,-0.6439566,-0.2202544,-0.2618514,-0.15152651,0.25861222,-0.15564397,0.2602008,0.18055469,0.024051934,-0.9817519,0.99809766,-0.50874406,-0.6095253,0.12051169,0.1048176,-0.7848086,0.54454875,-0.081914544,-0.08863869,0.4896485,0.17497021,0.99748045,0.2073744,-0.5166362,-0.029656023,0.0265235,0.14664924,-0.2686993,-0.16807851,-0.5477852,-0.34459275,0.35623503,0.256149,-0.42493865,-0.42823082,0.010393307,-0.70245343,0.4655319,0.58454615,-0.20910016,0.8440169,-0.45228714,0.12839282,-0.3636,-0.8824973,0.5025723,-0.24381545,0.57624793,0.75863373,-0.24345273,0.6310367,1.7881393e-07,1.7881393e-07,2.9802322e-08,5.736947e-07,8.940697e-08,2.9802322e-07,4.7683716e-07,5.9604645e-08,2.2351742e-07,5.699694e-07,8.940697e-08,4.7683716e-07,2.0861626e-07,1.1920929e-07,3.427267e-07,5.9604645e-08,2.682209e-07,1.1920929e-07,5.066395e-07,1.7881393e-07,2.682209e-07,2.9802322e-08,5.9604645e-08,0.0,5.9604645e-08,1.1920929e-07,1.7136335e-07,3.5762787e-07,2.9802322e-07,1.1920929e-07,3.874302e-07,4.0233135e-07,4.4703484e-07,3.2782555e-07,0.0,8.940697e-08,1.7881393e-07,2.9802322e-08,4.917383e-07,1.7881393e-07,8.940697e-08,5.364418e-07,1.1920929e-07,0.0,0.0,3.874302e-07,3.874302e-07,4.172325e-07,1.1920929e-07,5.9604645e-08,7.748604e-07,5.9604645e-07,7.748604e-07,1.1920929e-07,2.3841858e-07,7.4505806e-07,3.874302e-07,0.0,1.1920929e-07,4.7683716e-07,0.0,3.5762787e-07,2.3841858e-07,2.9802322e-07
15,3.787659211502296,3.7876592125576702,1.0,0.9743054,0.71507263,0.5421499,1.0,0.9743051,0.7150728,0.5421501,0.0,2.9802322e-07,1.7881393e-07,1.7881393e-07,-0.19769406,0.2691654,-0.35998225,0.039368838,-0.37526682,0.59202707,-0.50300187,0.998633,0.011042342,-0.0021576434,-0.21360767,-0.69605815,0.0054301023,-0.67048025,-0.11203637,-0.16452122,-0.10700369,0.27033895,-0.25052956,0.28974205,0.071564645,-0.00096315145,-0.98389137,0.9988063,-0.62545204,-0.510002,0.13888073,0.15092933,-0.7645495,0.5632551,-0.0493578,-0.022530809,0.5651785,0.012871981,0.99698675,0.23363087,-0.40466043,-0.02929762,-0.118811205,0.1716992,-0.33529314,0.0070921555,-0.6082662,-0.3760201,0.3585708,0.12661889,-0.39400613,-0.45304883,-0.035282772,-0.6233834,0.5681091,0.7564877,-0.022388786,0.8167399,-0.5107248,-0.062155724,-0.46409243,-0.8929146,0.5620762,-0.38729775,0.5630661,0.7503872,-0.21381766,0.64700705,-0.19769436,0.26916468,-0.35998172,0.03936893,-0.37526736,0.59202695,-0.5030018,0.998633,0.011042237,-0.0021578409,-0.21360725,-0.6960584,0.005429566,-0.67048043,-0.112036,-0.1645208,-0.10700396,0.27033925,-0.25053012,0.2897422,0.07156387,-0.00096312165,-0.98389137,0.9988063,-0.62545216,-0.5100021,0.13888058,0.15092894,-0.7645495,0.56325513,-0.049357533,-0.022530198,0.56517804,0.012871414,0.99698675,0.23363099,-0.4046601,-0.029297918,-0.118811116,0.1716997,-0.33529386,0.0070925057,-0.6082662,-0.37601972,0.35857123,0.12661873,-0.39400625,-0.45304888,-0.03528302,-0.6233834,0.5681088,0.7564874,-0.022389144,0.81673974,-0.5107251,-0.06215614,-0.4640923,-0.8929148,0.56207573,-0.3872974,0.5630658,0.7503872,-0.21381748,0.6470069,2.9802322e-07,7.1525574e-07,5.364418e-07,9.313226e-08,5.364418e-07,1.1920929e-07,5.9604645e-08,0.0,1.0430813e-07,1.9744039e-07,4.172325e-07,2.3841858e-07,5.364418e-07,1.7881393e-07,3.7252903e-07,4.172325e-07,2.682209e-07,2.9802322e-07,5.662441e-07,1.4901161e-07,7.748604e-07,2.9802322e-08,0.0,0.0,1.1920929e-07,5.9604645e-08,1.4901161e-07,3.874302e-07,0.0,5.9604645e-08,2.682209e-07,6.109476e-07,4.7683716e-07,5.662441e-07,0.0,1.1920929e-07,3.2782555e-07,2.9802322e-07,8.940697e-08,5.066395e-07,7.1525574e-07,3.501773e-07,0.0,3.874302e-07,4.172325e-07,1.6391277e-07,1.1920929e-07,5.9604645e-08,2.4959445e-07,0.0,2.9802322e-07,2.9802322e-07,3.5762787e-07,1.7881393e-07,2.9802322e-07,4.172325e-07,1.1920929e-07,1.7881393e-07,4.7683716e-07,3.5762787e-07,2.9802322e-07,0.0,1.7881393e-07,1.1920929e-07
16,3.7903155571497154,3.7903155586711157,1.0,1.0,0.75897163,0.43205678,1.0,1.0,0.75897145,0.43205664,0.0,0.0,1.7881393e-07,1.4901161e-07,-0.18074277,0.12189633,-0.2004949,0.19656193,-0.35061422,0.5607156,-0.4752448,0.9981345,0.00089757144,-0.017465156,-0.12455109,-0.806949,0.014138818,-0.64913625,0.10897073,-0.020612687,-0.090166,0.30307087,-0.33192363,0.32592174,-0.0479666,0.0606139,-0.9919995,0.9998072,-0.67173207,-0.36997414,0.09316723,0.18950269,-0.73766804,0.54427505,-0.06260365,0.07761629,0.62378776,-0.17735022,0.99714667,0.2196886,-0.20383146,-0.08116004,-0.31043988,0.14642,-0.3556368,0.23195219,-0.657686,-0.3716498,0.4394329,0.20308897,-0.33165926,-0.40096936,-0.032495648,-0.546587,0.6112781,0.87769365,0.24036226,0.7204689,-0.497576,-0.25673085,-0.57553333,-0.8873135,0.5118422,-0.386972,0.52584493,0.7187934,-0.22304061,0.6651714,-0.18074274,0.12189683,-0.20049474,0.19656214,-0.35061425,0.5607158,-0.47524524,0.99813443,0.00089773536,-0.017465409,-0.12455168,-0.80694836,0.014139086,-0.64913625,0.108970344,-0.020612568,-0.090165704,0.3030706,-0.3319237,0.32592124,-0.04796636,0.06061381,-0.9919995,0.9998072,-0.6717318,-0.3699739,0.09316705,0.18950287,-0.7376677,0.544275,-0.06260419,0.077616155,0.6237879,-0.17735025,0.99714667,0.21968892,-0.20383123,-0.08116001,-0.31043983,0.14641991,-0.35563695,0.23195197,-0.65768594,-0.3716499,0.4394327,0.20308852,-0.33165902,-0.40096968,-0.03249536,-0.5465868,0.6112782,0.87769353,0.2403624,0.720469,-0.49757624,-0.25673074,-0.5755331,-0.8873135,0.51184225,-0.38697213,0.525845,0.71879315,-0.22304012,0.6651712,2.9802322e-08,5.066395e-07,1.6391277e-07,2.0861626e-07,2.9802322e-08,1.7881393e-07,4.4703484e-07,5.9604645e-08,1.6391277e-07,2.5331974e-07,5.9604645e-07,6.556511e-07,2.682209e-07,0.0,3.874302e-07,1.1920929e-07,2.9802322e-07,2.682209e-07,5.9604645e-08,5.066395e-07,2.3841858e-07,8.940697e-08,0.0,0.0,2.3841858e-07,2.3841858e-07,1.7881393e-07,1.7881393e-07,3.5762787e-07,5.9604645e-08,5.364418e-07,1.3411045e-07,1.1920929e-07,2.9802322e-08,0.0,3.2782555e-07,2.3841858e-07,2.9802322e-08,5.9604645e-08,8.940697e-08,1.4901161e-07,2.2351742e-07,5.9604645e-08,8.940697e-08,1.7881393e-07,4.4703484e-07,2.3841858e-07,3.2782555e-07,2.8684735e-07,1.7881393e-07,5.9604645e-08,1.1920929e-07,1.4901161e-07,1.1920929e-07,2.3841858e-07,1.1920929e-07,2.3841858e-07,0.0,5.9604645e-08,1.1920929e-07,5.9604645e-08,2.3841858e-07,4.917383e-07,1.7881393e-07
17,3.793112031180187,3.793112033284508,1.0,1.0,0.81136733,0.36361602,1.0,1.0,0.8113679,0.36361614,0.0,0.0,5.9604645e-07,1.1920929e-07,-0.16642252,0.012548208,-0.0814026,0.33048046,-0.4012854,0.4665239,-0.44005182,0.9977887,-0.00056166947,-0.048846673,-0.044335663,-0.8317947,0.021989912,-0.6411246,0.25579005,0.064298704,-0.039755017,0.33673579,-0.33844367,0.3177894,-0.09942034,0.122466,-0.99704194,0.9999698,-0.687026,-0.24670175,0.057548024,0.25958267,-0.6949144,0.5279051,-0.04766339,0.18424284,0.65481013,-0.29814756,0.9961085,0.20011437,-0.009707004,-0.14701268,-0.42353937,0.18510595,-0.34678003,0.34536004,-0.6804198,-0.39683008,0.4796277,0.2558522,-0.3354504,-0.3171152,0.027292324,-0.4301967,0.6172748,0.9283339,0.455973,0.64728683,-0.49487323,-0.38063863,-0.61485654,-0.88288605,0.45784247,-0.3289813,0.4639202,0.7446214,-0.2393707,0.65075636,-0.16642296,0.012547344,-0.08140235,0.33048037,-0.40128633,0.46652362,-0.44005194,0.9977888,-0.0005619377,-0.04884666,-0.044335306,-0.83179474,0.021989346,-0.64112496,0.2557903,0.06429875,-0.039755374,0.33673608,-0.33844373,0.31778964,-0.09942034,0.12246591,-0.99704194,0.9999698,-0.68702614,-0.2467019,0.0575478,0.25958288,-0.6949144,0.5279052,-0.047663182,0.18424366,0.6548099,-0.29814786,0.99610853,0.2001147,-0.0097064525,-0.14701277,-0.42353916,0.18510666,-0.34678015,0.34536034,-0.6804199,-0.39682987,0.47962794,0.25585216,-0.3354504,-0.31711507,0.027292462,-0.4301964,0.6172745,0.9283339,0.4559731,0.64728683,-0.4948733,-0.38063896,-0.6148563,-0.8828862,0.45784202,-0.32898113,0.4639198,0.7446215,-0.23937054,0.6507563,4.4703484e-07,8.6426735e-07,2.5331974e-07,8.940697e-08,9.23872e-07,2.682209e-07,1.1920929e-07,5.9604645e-08,2.682209e-07,1.4901161e-08,3.5762787e-07,5.9604645e-08,5.662441e-07,3.5762787e-07,2.3841858e-07,4.4703484e-08,3.5762787e-07,2.9802322e-07,5.9604645e-08,2.3841858e-07,0.0,8.940697e-08,0.0,0.0,1.1920929e-07,1.4901161e-07,2.2351742e-07,2.0861626e-07,0.0,1.1920929e-07,2.0861626e-07,8.1956387e-07,2.3841858e-07,2.9802322e-07,5.9604645e-08,3.2782555e-07,5.5134296e-07,8.940697e-08,2.0861626e-07,7.1525574e-07,1.1920929e-07,2.9802322e-07,1.1920929e-07,2.0861626e-07,2.3841858e-07,2.9802322e-08,0.0,1.1920929e-07,1.3783574e-07,2.9802322e-07,2.9802322e-07,0.0,8.940697e-08,0.0,5.9604645e-08,3.2782555e-07,2.3841858e-07,1.1920929e-07,4.4703484e-07,1.7881393e-07,4.172325e-07,1.1920929e-07,1.6391277e-07,5.9604645e-08
18,3.7959450039947247,3.7959450068149674,1.0,1.0,0.8792396,0.33980876,1.0,1.0,0.8792398,0.33980867,0.0,0.0,1.7881393e-07,8.940697e-08,-0.1541296,-0.029790133,-0.011322647,0.36545622,-0.45189974,0.37307498,-0.38572037,0.99850494,0.008483544,-0.087507166,0.028335333,-0.8368094,-0.023708701,-0.63904303,0.35259646,0.13285449,-0.02643773,0.30184615,-0.33531183,0.30831078,-0.12908325,0.15950686,-0.9982096,0.9999895,-0.6991254,-0.15521193,0.0054774582,0.28493527,-0.66350394,0.567852,-0.048362195,0.37853712,0.6287058,-0.38581198,0.9952653,0.21299562,0.12872055,-0.15000251,-0.4208573,0.24369554,-0.26930365,0.39506394,-0.6785885,-0.38779646,0.46212736,0.2561072,-0.2962761,-0.24167305,0.053782508,-0.27291888,0.58889997,0.9484371,0.5659063,0.6086979,-0.48517555,-0.45724484,-0.61625284,-0.8774069,0.3999899,-0.2972689,0.38014364,0.7932773,-0.24040791,0.62306666,-0.15412945,-0.029789686,-0.011322901,0.36545575,-0.45190006,0.37307495,-0.3857205,0.9985049,0.0084836185,-0.08750726,0.028334945,-0.83680934,-0.023708642,-0.63904285,0.35259646,0.13285473,-0.02643767,0.30184567,-0.335312,0.3083104,-0.12908366,0.159507,-0.99820966,0.9999895,-0.6991253,-0.1552116,0.00547722,0.28493515,-0.6635035,0.56785256,-0.048362702,0.37853885,0.62870574,-0.3858121,0.9952653,0.21299627,0.12872031,-0.15000185,-0.42085707,0.24369594,-0.2693033,0.39506376,-0.6785883,-0.3877964,0.46212682,0.25610727,-0.29627568,-0.24167296,0.053782552,-0.27291834,0.58890015,0.94843704,0.5659062,0.6086977,-0.48517555,-0.4572447,-0.6162528,-0.8774069,0.39999038,-0.29726943,0.3801434,0.79327714,-0.24040826,0.6230665,1.4901161e-07,4.4703484e-07,2.5331974e-07,4.7683716e-07,3.2782555e-07,2.9802322e-08,1.1920929e-07,5.9604645e-08,7.4505806e-08,9.685755e-08,3.874302e-07,5.9604645e-08,5.9604645e-08,1.7881393e-07,0.0,2.3841858e-07,5.9604645e-08,4.7683716e-07,1.7881393e-07,3.874302e-07,4.172325e-07,1.4901161e-07,5.9604645e-08,0.0,1.1920929e-07,3.2782555e-07,2.3841858e-07,1.1920929e-07,4.172325e-07,5.364418e-07,5.066395e-07,1.7285347e-06,5.9604645e-08,1.1920929e-07,0.0,6.556511e-07,2.3841858e-07,6.556511e-07,2.3841858e-07,4.0233135e-07,3.5762787e-07,1.7881393e-07,2.3841858e-07,5.9604645e-08,5.364418e-07,5.9604645e-08,4.172325e-07,8.940697e-08,4.4703484e-08,5.364418e-07,1.7881393e-07,5.9604645e-08,5.9604645e-08,1.7881393e-07,0.0,1.4901161e-07,5.9604645e-08,0.0,4.7683716e-07,5.364418e-07,2.3841858e-07,1.7881393e-07,3.427267e-07,1.7881393e-07
19,3.79870521923082,3.7987052229153226,1.0,1.0,0.9329984,0.32060245,1.0,1.0,0.93299884,0.32060236,0.0,0.0,4.172325e-07,8.940697e-08,-0.12617233,-0.015949428,0.0145777315,0.3603568,-0.4887594,0.31394434,-0.31642348,0.9992353,0.044729,-0.128233,0.08845061,-0.82159877,-0.06310655,-0.6419444,0.4099872,0.18074432,-0.010674566,0.23119509,-0.31443992,0.27170187,-0.14946473,0.18159479,-0.99832964,0.9999942,-0.69164085,-0.07110053,-0.05696767,0.2852102,-0.61412394,0.6242262,-0.07674989,0.5901001,0.59355396,-0.44616014,0.99367434,0.2418443,0.21555418,-0.10828328,-0.3850494,0.2943439,-0.12259114,0.4265436,-0.65423065,-0.36082023,0.3970151,0.26437116,-0.2447913,-0.18535995,0.045599103,-0.09495184,0.56439406,0.9592266,0.63842076,0.5850493,-0.46249413,-0.4902934,-0.6099128,-0.86738217,0.3544169,-0.29444498,0.3045335,0.83787704,-0.2190969,0.5852606,-0.12617227,-0.015949368,0.014577702,0.3603566,-0.48875964,0.31394428,-0.31642267,0.9992353,0.044729147,-0.12823302,0.08845094,-0.82159877,-0.063106716,-0.64194435,0.4099872,0.18074419,-0.010674477,0.2311947,-0.31443974,0.2717017,-0.14946467,0.18159473,-0.9983295,0.9999942,-0.69164085,-0.07110003,-0.05696785,0.28521055,-0.6141237,0.6242265,-0.07674977,0.59010154,0.5935536,-0.44616026,0.99367434,0.24184448,0.21555421,-0.10828298,-0.38504905,0.29434443,-0.12259003,0.4265439,-0.6542306,-0.36082003,0.3970147,0.26437095,-0.2447909,-0.18535955,0.045598954,-0.09495103,0.56439394,0.95922667,0.638421,0.5850491,-0.46249387,-0.4902935,-0.60991293,-0.8673823,0.35441676,-0.29444534,0.30453336,0.8378773,-0.21909668,0.58526033,5.9604645e-08,5.9604645e-08,2.9802322e-08,2.0861626e-07,2.3841858e-07,5.9604645e-08,8.046627e-07,0.0,1.4528632e-07,1.4901161e-08,3.2782555e-07,0.0,1.6391277e-07,5.9604645e-08,0.0,1.3411045e-07,8.940697e-08,3.874302e-07,1.7881393e-07,1.7881393e-07,5.9604645e-08,5.9604645e-08,1.1920929e-07,0.0,0.0,5.066395e-07,1.8253922e-07,3.5762787e-07,2.3841858e-07,2.9802322e-07,1.1920929e-07,1.4305115e-06,3.5762787e-07,1.1920929e-07,0.0,1.7881393e-07,2.9802322e-08,2.9802322e-07,3.5762787e-07,5.364418e-07,1.1101365e-06,2.9802322e-07,5.9604645e-08,2.0861626e-07,3.874302e-07,2.0861626e-07,4.0233135e-07,4.0233135e-07,1.4901161e-07,8.046627e-07,1.1920929e-07,5.9604645e-08,2.3841858e-07,1.7881393e-07,2.682209e-07,8.940697e-08,1.1920929e-07,1.1920929e-07,1.4901161e-07,3.5762787e-07,1.4901161e-07,2.3841858e-07,2.2351742e-07,2.9802322e-07
